,emotion,therapy,therapy_Morps,therapy_NV,therapy_N
0,행복,우수한 업무성과나 탁월한 발표 등 긍정적인 사건에 대해 다른 사람들이 얼마나 깊은 인상을 받았는지 되새기면서 그러한 결과를 위해 자신이 기울인 노력을 돌아보며 자신을 아낌없이 격려하며 축하하는 것은 좋은 일입니다.기쁠 때 크게 웃거나 노래를 부르는 등의 적극적인 신체적인 행동 표출은 긍정적인 감정을 증폭시킬 수 있습니다. 축구선수가 골을 넣고 세리머니를 통해 기쁨을 만끽하는 것이 그 예라고 할 수 있습니다.즐거운 경험에 주의를 기울이며 그 세부적인 내용과 요소들을 음미하는 것입니다. 와인 애호가들이 와인 한 모금을 머금은 채 천천히 음미하는 것이 이에 해당합니다.이 순간은 다시 돌아오지 않습니다. 매 순간을 소중하게 생각하고 현재의 긍정적 경험을 즐기고자 노력한다면 즐거움의 강도는 더욱 강렬해질 것입니다.긍정적인 경험을 행운이자 축복으로 생각하며 감사한 마음을 지니는 것입니다. 즐겁고 긍정적인 경험을 하는데 기여한 모든 사람들과 여건들을 생각하며 축복이라고 여기게 되면 행복감이 더욱 증가할 수 있습니다. 당연하게 여기며 무심하게 지나치는 것이지만 조금만 생각해보면 감사한 일들이 무수히 많습니다.기쁜 일이 있을 때 부정적인 생각을 하면서 기쁨을 방해하는 경우가 있습니다. 긍정적인 경험을 평가절하하거나 더 좋았을 상황 등을 생각하면서 후회하고 자책하는 것입니다. 자존감이 낮은 사람들은 긍정적인 경험을 하더라도 이처럼 부정적인 생각으로 즐거움과 기쁨을 감소시키는 경향이 있습니다,"[('우수하다', 'Adjective'), ('업무', 'Noun'), ('성과', 'Noun'), ('나', 'Josa'), ('탁월하다', 'Adjective'), ('발표', 'Noun'), ('등', 'Noun'), ('긍정', 'Noun'), ('적', 'Suffix'), ('인', 'Josa'), ('사건', 'Noun'), ('에', 'Josa'), ('대해', 'Noun'), ('다른', 'Noun'), ('사람', 'Noun'), ('들', 'Suffix'), ('이', 'Josa'), ('얼마나', 'Noun'), ('깊다', 'Adjective'), ('인상', 'Noun'), ('을', 'Josa'), ('받다', 'Verb'), ('되새기다', 'Verb'), ('그러하다', 'Adjective'), ('결과', 'Noun'), ('를', 'Josa'), ('위해', 'Noun'), ('자신', 'Noun'), ('이', 'Josa'), ('기울이다', 'Verb'), ('노력', 'Noun'), ('을', 'Josa'), ('돌아보다', 'Verb'), ('자신', 'Noun'), ('을', 'Josa'), ('아낌없이', 'Adverb'), ('격려', 'Noun'), ('하다', 'Verb'), ('축하', 'Noun'), ('하다', 'Verb'), ('것', 'Noun'), ('은', 'Josa'), ('좋다', 'Adjective'), ('일', 'Noun'), ('이다', 'Adjective'), ('.', 'Punctuation'), ('기쁘다', 'Adjective'), ('때', 'Noun'), ('크게', 'Noun'), ('웃다', 'Verb'), ('노래', 'Noun'), ('를', 'Josa'), ('부르다', 'Verb'), ('등', 'Noun'), ('의', 'Josa'), ('적극', 'Noun'), ('적', 'Suffix'), ('인', 'Josa'), ('신체', 'Noun'), ('적', 'Suffix'), ('인', 'Josa'), ('행동', 'Noun'), ('표', 'Noun'), ('추다', 'Verb'), ('긍정', 'Noun'), ('적', 'Suffix'), ('인', 'Josa'), ('감정', 'Noun'), ('을', 'Josa'), ('증폭', 'Noun'), ('시키다', 'Verb'), ('수', 'Noun'), ('있다', 'Adjective'), ('.', 'Punctuation'), ('축구선수', 'Noun'), ('가', 'Josa'), ('골', 'Noun'), ('을', 'Josa'), ('넣다', 'Verb'), ('세리머니', 'Noun'), ('를', 'Josa'), ('통해', 'Noun'), ('기쁨', 'Noun'), ('을', 'Josa'), ('만끽', 'Noun'), ('하다', 'Verb'), ('것', 'Noun'), ('이', 'Josa'), ('그', 'Noun'), ('예', 'Noun'), ('라고', 'Josa'), ('하다', 'Verb'), ('수', 'Noun'), ('있다', 'Adjective'), ('.', 'Punctuation'), ('즐겁다', 'Adjective'), ('경험', 'Noun'), ('에', 'Josa'), ('주의', 'Noun'), ('를', 'Josa'), ('기울이다', 'Verb'), ('그', 'Noun'), ('세부', 'Noun'), ('적', 'Suffix'), ('인', 'Josa'), ('내용', 'Noun'), ('과', 'Josa'), ('요소', 'Noun'), ('들', 'Suffix'), ('을', 'Josa'), ('음미', 'Noun'), ('하다', 'Verb'), ('것', 'Noun'), ('이다', 'Adjective'), ('.', 'Punctuation'), ('와인', 'Noun'), ('애호가', 'Noun'), ('들', 'Suffix'), ('이', 'Josa'), ('와인', 'Noun'), ('하다', 'Verb'), ('모금', 'Noun'), ('을', 'Josa'), ('머', 'Noun'), ('금은', 'Noun'), ('채', 'Noun'), ('천천히', 'Adverb'), ('음미', 'Noun'), ('하다', 'Verb'), ('것', 'Noun'), ('이', 'Josa'), ('이', 'Noun'), ('에', 'Josa'), ('해당', 'Noun'), ('하다', 'Verb'), ('.', 'Punctuation'), ('이', 'Noun'), ('순간', 'Noun'), ('은', 'Josa'), ('다시', 'Noun'), ('돌아오다', 'Verb'), ('않다', 'Verb'), ('.', 'Punctuation'), ('매', 'Noun'), ('순간', 'Noun'), ('을', 'Josa'), ('소중하다', 'Adjective'), ('생각', 'Noun'), ('하고', 'Josa'), ('현재', 'Noun'), ('의', 'Josa'), ('긍정', 'Noun'), ('적', 'Suffix'), ('경험', 'Noun'), ('을', 'Josa'), ('즐기다', 'Verb'), ('노력', 'Noun'), ('하다', 'Verb'), ('즐거움', 'Noun'), ('의', 'Josa'), ('강도', 'Noun'), ('는', 'Josa'), ('더욱', 'Noun'), ('강렬하다', 'Adjective'), ('것', 'Noun'), ('이다', 'Adjective'), ('.', 'Punctuation'), ('긍정', 'Noun'), ('적', 'Suffix'), ('인', 'Josa'), ('경험', 'Noun'), ('을', 'Josa'), ('행운', 'Noun'), ('이자', 'Noun'), ('축복', 'Noun'), ('으로', 'Josa'), ('생각', 'Noun'), ('하다', 'Verb'), ('감사하다', 'Verb'), ('마음', 'Noun'), ('을', 'Josa'), ('지니다', 'Verb'), ('것', 'Noun'), ('이다', 'Adjective'), ('.', 'Punctuation'), ('즐겁다', 'Adjective'), ('긍정', 'Noun'), ('적', 'Suffix'), ('인', 'Josa'), ('경험', 'Noun'), ('을', 'Josa'), ('하다', 'Verb'), ('기여', 'Noun'), ('한', 'Josa'), ('모든', 'Noun'), ('사람', 'Noun'), ('들', 'Suffix'), ('과', 'Josa'), ('여건', 'Noun'), ('들', 'Suffix'), ('을', 'Josa'), ('생각', 'Noun'), ('하다', 'Verb'), ('축복', 'Noun'), ('이라고', 'Josa'), ('여기', 'Noun'), ('게', 'Josa'), ('되다', 'Verb'), ('행복감', 'Noun'), ('이', 'Josa'), ('더욱', 'Noun'), ('증가', 'Noun'), ('하다', 'Verb'), ('수', 'Noun'), ('있다', 'Adjective'), ('.', 'Punctuation'), ('당연하다', 'Adjective'), ('여기', 'Noun'), ('며', 'Josa'), ('무심하다', 'Adjective'), ('지나치다', 'Verb'), ('것', 'Noun'), ('이지만', 'Josa'), ('조금', 'Noun'), ('만', 'Josa'), ('생각', 'Noun'), ('해보다', 'Verb'), ('감사하다', 'Verb'), ('일', 'Noun'), ('들', 'Suffix'), ('이', 'Josa'), ('무수', 'Noun'), ('히', 'Adverb'), ('많다', 'Adjective'), ('.', 'Punctuation'), ('기쁘다', 'Adjective'), ('일이', 'Modifier'), ('있다', 'Adjective'), ('때', 'Noun'), ('부정', 'Noun'), ('적', 'Suffix'), ('인', 'Josa'), ('생각', 'Noun'), ('을', 'Josa'), ('하다', 'Verb'), ('기쁨', 'Noun'), ('을', 'Josa'), ('방해', 'Noun'), ('하다', 'Verb'), ('경우', 'Noun'), ('가', 'Josa'), ('있다', 'Adjective'), ('.', 'Punctuation'), ('긍정', 'Noun'), ('적', 'Suffix'), ('인', 'Josa'), ('경험', 'Noun'), ('을', 'Josa'), ('평가절하', 'Noun'), ('하', 'Suffix'), ('거나', 'Noun'), ('더', 'Noun'), ('좋다', 'Adjective'), ('상황', 'Noun'), ('등', 'Noun'), ('을', 'Josa'), ('생각', 'Noun'), ('하다', 'Verb'), ('후회', 'Noun'), ('하고', 'Josa'), ('자책', 'Noun'), ('하다', 'Verb'), ('것', 'Noun'), ('이다', 'Adjective'), ('.', 'Punctuation'), ('자존감', 'Noun'), ('이', 'Josa'), ('낮다', 'Adjective'), ('사람', 'Noun'), ('들', 'Suffix'), ('은', 'Josa'), ('긍정', 'Noun'), ('적', 'Suffix'), ('인', 'Josa'), ('경험', 'Noun'), ('을', 'Josa'), ('하다', 'Verb'), ('이처럼', 'Noun'), ('부정', 'Noun'), ('적', 'Suffix'), ('인', 'Josa'), ('생각', 'Noun'), ('으로', 'Josa'), ('즐거움', 'Noun'), ('과', 'Josa'), ('기쁨', 'Noun'), ('을', 'Josa'), ('감소', 'Noun'), ('시키다', 'Verb'), ('경향', 'Noun'), ('이', 'Josa'), ('있다', 'Adjective')]","['업무', '성과', '발표', '긍정', '사건', '다른', '사람', '얼마나', '인상', '받다', '되새기다', '결과', '위해', '자신', '기울이다', '노력', '돌아보다', '자신', '격려', '축하', '일', '크게', '웃다', '노래', '부르다', '적극', '신체', '행동', '표', '추다', '긍정', '감정', '증폭', '시키다', '축구선수', '골', '넣다', '세리머니', '통해', '기쁨', '만끽', '경험', '주의', '기울이다', '세부', '내용', '요소', '음미', '와인', '애호가', '와인', '모금', '금은', '채', '음미', '해당', '순간', '다시', '돌아오다', '않다', '순간', '생각', '현재', '긍정', '경험', '즐기다', '노력', '즐거움', '강도', '긍정', '경험', '행운', '이자', '축복', '생각', '감사하다', '마음', '지니다', '긍정', '경험', '기여', '사람', '여건', '생각', '축복', '여기', '되다', '행복감', '증가', '여기', '지나치다', '조금', '생각', '해보다', '감사하다', '일', '무수', '부정', '생각', '기쁨', '방해', '경우', '긍정', '경험', '평가절하', '거나', '더', '상황', '생각', '후회', '자책', '자존감', '사람', '긍정', '경험', '이처럼', '부정', '생각', '즐거움', '기쁨', '감소', '시키다', '경향']","['감소' '감정' '강도' '거나' '격려' '결과' '경우' '경향' '경험' '골' '금은' '긍정' '기쁨' '기여' '내용'
 '노래' '노력' '다른' '다시' '더' '마음' '만끽' '모금' '무수' '발표' '방해' '부정' '사건' '사람' '상황'
 '생각' '성과' '세리머니' '세부' '순간' '신체' '애호가' '얼마나' '업무' '여건' '여기' '와인' '요소' '위해'
 '음미' '이자' '이처럼' '인상' '일' '자신' '자존감' '자책' '적극' '조금' '주의' '즐거움' '증가' '증폭'
 '채' '축구선수' '축복' '축하' '크게' '통해' '평가절하' '표' '해당' '행동' '행복감' '행운' '현재' '후회']"
1,열정,"어쩌면 무책임한말. 세상에는 열정으로 되는 것이 있고 되지 않는 것이 있다. 열정은 곧 식을 수도 있고, 금방 지칠 수도 있다. 열정이라는 무기는 그리 오래가지 못한다. 그렇다면 열정이란 무엇인가? 개인적인 생각으로는 은은하게 지속적으로 타오르는 캔들속의 불씨처럼 꺼지지 않고 지속적인 불씨라고 말하고 싶다. 때로는 잠시 꺼놓고 식혀두어 은은항 향을 내뿜고, 어느순간 또다시 불을 붙여 은은하고 지속적인 불씨를 유지한다. 열정이 은은하게 지속적으로 불타오르기 위해서는 정신 상태와 몸 상태까지 동시에 건강해야 목표를 향해 달려나가는 데에 있어서 지속적으로 실행할 수 있는 힘이 생긴다. 제일 중요하다. 누구나 알고 있지만 모든 사람들이 힘들어하는 문제이기도 하다. 숙면을 하기 위해 모든 방법을 동원해서라도 숙면을 취해야 한다. 숙면을 한 날과 피곤한 날의 하루는 하늘과 땅 차이이다. 아무리 열심히 계획을 세우고 목표를 향해 달려간다고 해도 몸이 피곤하거나 힘든 상태로는 능률이 떨어져 같은 시간을 보낸다고 해도 그 시간의 질은 확연히 다르다. 어느날 너무 피곤한 상태로 내 목표치의 계획을 다 이루어내기 위해 억지로 무리한 날이 있었다. 빡센 계획이었고, 그냥 계획한 것들을 지켜내고자 하는 욕망에 사로잡혔던 것이다. 그것은 진정한 실행력이 아니라 그냥 억지로 만들어진 강한 욕망일 뿐이다. 인생을 길게 보고 내가 원하는 방향을 향해 지속적으로 나 자신을 이끌어 나아가기 위해서는 신체의 컨디션은 필수인 것 같다.가끔은 카트라이더 부스터처럼 나를 목표달성 목적지까지 촤르륵 데려다줬으면 할 때가 있다. 중간에 생각지도 못한 장애물을 만나기도 하고, 목표자체에 회의감을 느끼기도 해서 다시 가야할 곳을 정하기도 한다. 그러나 목표를 적어놓기만 해도 두근거리고, 될 것만 같고, 미치도록 행복감이 밀려온다면 온 마음을 다해 목표를 이루는 과정속에서 헌신하는 것이 두렵거나 심신이 지칠정도로 힘들지가 않다. 그러한 목표는 실현될 수 밖에 없다. 오히려 에너지가 넘쳐 흐르고 열정이 가득하다. 이를 위해 생각만해도 두근거리고 내가 정말 잘 할 수 있을 것 같은 나만의 목표를 매일 상기시킨다. 이와 동시에 나만의 지도를 만들고, 그 과정속에서 수정 보완하면서 콕콕 찔러보듯이 수많은 시도들을 해보는 것이 필요하다. 지도나 캠퍼스처럼 지표로 삼을 만한 것이 하나도 없을 때 인간에게 어떤 일이 벌어지는 지를 연구했다. 이는 은유적인 이야기가 아니다. 소우만 박사는 북극성이나 일몰을 볼 수 없는 상태로 숲이나 사하라 사막에서 길을 잃은 사람에게 무슨 일이 일어나는 지를 조사했다. 그곳에서 사람들은 계속 같은 자리를 맴돌고 있었다. 숲이나 사막에서 벗어나기 위해 일직선으로 걸어 나간다고 생각하고 걸어도, 결국 출발 지점으로 되돌아왔다. 이처럼 직감만으로는 부족하다. 소우만 박사는 '자신의 감각을 믿지 마라. 사람들은 사실은 그렇지 않은데도 자신이 똑바로 걷고 있다고 착각하곤 한다'고 말한다. 인간의 본성은 지도를 필요로 한다. 당신이 지도를 그릴 수 있을 정도로 충분히 용감하다면, 사람들이 당신의 뒤를 따를 것이다.""그냥 가만히 앉아 이 시간에 집중하며 침묵하는 시간을 갖어도 좋다. 아무것도 안하는 시간이 필요하다. 먼 산을 바라보며 멍때리기도 좋다. '아무것도 안하는 시간'을 스케줄에 넣어보자. 스케줄에 넣어놔야 아무것도 안하기가 가능하다. 사람들은 끊임없이 무언가를 한다. 무엇을 위해 그 무언가를 하는 것인가? 무엇을 하든지 'WHY' 라는 질문을 해본다. 자연과 햇살, 내 온몸의 살아있음과 신체의 흐름을 느낀다. 존재 자체로 감사하다. 보통 사람들은 지속적으로 뭔가 열심히하고 노력하는게 열정과 에너지가 넘친다고 생각할 수도 있다. 하지만 침묵의 시간과 온몸에 힘을 빼고 나 자신에게 집중하는 시간이야말로 열정과 에너지를 유지시키는 데에 꼭 필요한 핵심요소이다. 예전에는 '빽빽한 시간관리'에 초점을 두었다면, 요즘은 러프한 시간관리와, 중요한 일 몇가지에 완전히 '몰입'하는 것에 더욱 초점을 두고 있다. 몰입을 위해서는 주변정리가 필수인 것 같다. 예를 들어 일을하다가 갑자기 메모할 일이 생겼는데, 다이어리나 메모지가 내가 생각한 그 자리에 있고, 잘 정돈되어진 필통이나 연필꽂이가 눈앞에 있다면, 기분좋은 마음으로 원하는 펜을 뽑아 바로 메모를 할 수 있다.  정신없는 공간에서 무언가를 찾느라, 또는 생각이 뒤죽박죽 되어있는 상태로 허둥지둥 댄다면 같은 1시간을 보낸다고 해도 전혀 다른 시간을 보낼 수 있다. 몰입을 위해서는 핵심만 남겨놓아야 한다. 중요한 물건들, 중요한 일들을 뺀 나머지의 불필요한 것들을 가차없이 버릴 수 있는 용기가 필요하다.  어떻게 매일매일 신나고 '뽜이야'를 외칠 수 있겠는가!? 내면 깊숙한 곳에서 응어리 진 상태로는 리얼 웃음을 펼칠 수 없다. 가장 중요한 것은 내면 깊숙한 곳에서의 외로움, 슬픔,아픔이 치유가 된 상태일 때 비로소 주변 사람들과 진심어린 마음으로 행복하게 웃으며 인사하고, 혼자 있어도 완전한 행복감을 느낄 수 있다. 또한 매일 새로운 마음으로 기쁘게 성장할 수 있을 것이다. 어쨌든 살아가는데 있어서 억지로 힘을 뽷 주고 무슨일이든 열심히하기 위해 미친듯이 '노력'하면서 억지 웃음을 드러내기 보다는, 힘을 좀 빼고 여유있는 미소와 함께 모든 순간을 온전히 즐기고 만끽하는 것이 진정성있게 인생을 살아가는 좋은 방식중의 하나가 아닐까 생각해본다. ","[('어쩌면', 'Noun'), ('무책임하다', 'Adjective'), ('.', 'Punctuation'), ('세상', 'Noun'), ('에는', 'Josa'), ('열정', 'Noun'), ('으로', 'Josa'), ('되다', 'Verb'), ('것', 'Noun'), ('이', 'Josa'), ('있다', 'Adjective'), ('되다', 'Verb'), ('않다', 'Verb'), ('것', 'Noun'), ('이', 'Josa'), ('있다', 'Adjective'), ('.', 'Punctuation'), ('열정', 'Noun'), ('은', 'Josa'), ('곧', 'Noun'), ('식', 'Noun'), ('을', 'Josa'), ('수도', 'Noun'), ('있다', 'Adjective'), (',', 'Punctuation'), ('금방', 'Noun'), ('지치다', 'Verb'), ('수도', 'Noun'), ('있다', 'Adjective'), ('.', 'Punctuation'), ('열정', 'Noun'), ('이라는', 'Josa'), ('무기', 'Noun'), ('는', 'Josa'), ('그리다', 'Verb'), ('오래', 'Adverb'), ('가지', 'Noun'), ('못', 'VerbPrefix'), ('하다', 'Verb'), ('.', 'Punctuation'), ('그렇다', 'Adjective'), ('열정', 'Noun'), ('이란', 'Josa'), ('무엇', 'Noun'), ('인가', 'Josa'), ('?', 'Punctuation'), ('개인', 'Noun'), ('적', 'Suffix'), ('인', 'Josa'), ('생각', 'Noun'), ('으로는', 'Josa'), ('은은하다', 'Adjective'), ('지속', 'Noun'), ('적', 'Suffix'), ('으로', 'Josa'), ('타오르다', 'Verb'), ('캔들', 'Noun'), ('속', 'Noun'), ('의', 'Josa'), ('불씨', 'Noun'), ('처럼', 'Josa'), ('꺼지다', 'Verb'), ('않다', 'Verb'), ('지속', 'Noun'), ('적', 'Suffix'), ('인', 'Josa'), ('불씨', 'Noun'), ('라고', 'Josa'), ('말', 'Noun'), ('하고', 'Josa'), ('싶다', 'Verb'), ('.', 'Punctuation'), ('때로는', 'Noun'), ('잠시', 'Noun'), ('끄다', 'Verb'), ('식히다', 'Verb'), ('두다', 'Verb'), ('은', 'Noun'), ('은', 'Josa'), ('항', 'Noun'), ('향', 'Noun'), ('을', 'Josa'), ('내뿜', 'Noun'), ('고', 'Josa'), (',', 'Punctuation'), ('어느', 'Modifier'), ('순간', 'Noun'), ('또다시', 'Adverb'), ('불', 'Noun'), ('을', 'Josa'), ('붙이다', 'Verb'), ('은은하다', 'Adjective'), ('지속', 'Noun'), ('적', 'Suffix'), ('인', 'Josa'), ('불씨', 'Noun'), ('를', 'Josa'), ('유지', 'Noun'), ('하다', 'Verb'), ('.', 'Punctuation'), ('열정', 'Noun'), ('이', 'Josa'), ('은은하다', 'Adjective'), ('지속', 'Noun'), ('적', 'Suffix'), ('으로', 'Josa'), ('불타', 'Noun'), ('오르다', 'Verb'), ('위', 'Noun'), ('하다', 'Verb'), ('정신', 'Noun'), ('상태', 'Noun'), ('와', 'Josa'), ('몸', 'Noun'), ('상태', 'Noun'), ('까지', 'Josa'), ('동시', 'Noun'), ('에', 'Josa'), ('건강하다', 'Adjective'), ('목표', 'Noun'), ('를', 'Josa'), ('향', 'Noun'), ('하다', 'Verb'), ('달다', 'Verb'), ('나가다', 'Verb'), ('데', 'Noun'), ('에', 'Josa'), ('있다', 'Adjective'), ('지속', 'Noun'), ('적', 'Suffix'), ('으로', 'Josa'), ('실행', 'Noun'), ('하다', 'Verb'), ('수', 'Noun'), ('있다', 'Adjective'), ('힘', 'Noun'), ('이', 'Josa'), ('생기다', 'Verb'), ('.', 'Punctuation'), ('제일', 'Noun'), ('중요하다', 'Adjective'), ('.', 'Punctuation'), ('누구', 'Noun'), ('나', 'Josa'), ('알', 'Noun'), ('고', 'Josa'), ('있다', 'Adjective'), ('모든', 'Noun'), ('사람', 'Noun'), ('들', 'Suffix'), ('이', 'Josa'), ('힘들다', 'Adjective'), ('문제', 'Noun'), ('이기도', 'Josa'), ('하다', 'Verb'), ('.', 'Punctuation'), ('숙면', 'Noun'), ('을', 'Josa'), ('하다', 'Verb'), ('위해', 'Noun'), ('모든', 'Noun'), ('방법', 'Noun'), ('을', 'Josa'), ('동원', 'Noun'), ('하다', 'Verb'), ('숙면', 'Noun'), ('을', 'Josa'), ('취해', 'Noun'), ('야', 'Josa'), ('하다', 'Verb'), ('.', 'Punctuation'), ('숙면', 'Noun'), ('을', 'Josa'), ('하다', 'Verb'), ('날', 'Noun'), ('과', 'Josa'), ('피곤하다', 'Adjective'), ('날', 'Noun'), ('의', 'Josa'), ('하루', 'Noun'), ('는', 'Josa'), ('하늘', 'Noun'), ('과', 'Josa'), ('땅', 'Noun'), ('차이', 'Noun'), ('이다', 'Josa'), ('.', 'Punctuation'), ('아무리', 'Adverb'), ('열심히', 'Adverb'), ('계획', 'Noun'), ('을', 'Josa'), ('세우다', 'Verb'), ('목표', 'Noun'), ('를', 'Josa'), ('향', 'Noun'), ('하다', 'Verb'), ('달려가다', 'Verb'), ('해도', 'Noun'), ('몸', 'Noun'), ('이', 'Josa'), ('피곤하다', 'Adjective'), ('힘드다', 'Adjective'), ('상태', 'Noun'), ('로는', 'Josa'), ('능률', 'Noun'), ('이', 'Josa'), ('떨어지다', 'Verb'), ('같다', 'Adjective'), ('시간', 'Noun'), ('을', 'Josa'), ('보내다', 'Verb'), ('해도', 'Noun'), ('그', 'Noun'), ('시간', 'Noun'), ('의', 'Josa'), ('질', 'Noun'), ('은', 'Josa'), ('확', 'Noun'), ('연하다', 'Adjective'), ('다르다', 'Adjective'), ('.', 'Punctuation'), ('어느', 'Modifier'), ('날', 'Noun'), ('너무', 'Adverb'), ('피곤하다', 'Adjective'), ('상태', 'Noun'), ('로', 'Josa'), ('내', 'Noun'), ('목표', 'Noun'), ('치의', 'Noun'), ('계획', 'Noun'), ('을', 'Josa'), ('다', 'Adverb'), ('이루다', 'Verb'), ('위해', 'Noun'), ('억지로', 'Noun'), ('무리하다', 'Adjective'), ('날', 'Noun'), ('이', 'Josa'), ('있다', 'Adjective'), ('.', 'Punctuation'), ('빡센', 'Noun'), ('계획', 'Noun'), ('이다', 'Verb'), (',', 'Punctuation'), ('그냥', 'Noun'), ('계획', 'Noun'), ('한', 'Josa'), ('것', 'Noun'), ('들', 'Suffix'), ('을', 'Josa'), ('지키다', 'Verb'), ('하다', 'Verb'), ('욕망', 'Noun'), ('에', 'Josa'), ('사로잡히다', 'Verb'), ('것', 'Noun'), ('이다', 'Josa'), ('.', 'Punctuation'), ('그것', 'Noun'), ('은', 'Josa'), ('진정하다', 'Adjective'), ('실행', 'Noun'), ('력', 'Suffix'), ('이', 'Josa'), ('아니다', 'Adjective'), ('그냥', 'Noun'), ('억지로', 'Noun'), ('만들어지다', 'Verb'), ('강하다', 'Adjective'), ('욕망', 'Noun'), ('일', 'Noun'), ('뿐', 'Noun'), ('이다', 'Josa'), ('.', 'Punctuation'), ('인생', 'Noun'), ('을', 'Josa'), ('길다', 'Adjective'), ('보고', 'Noun'), ('내', 'Noun'), ('가', 'Josa'), ('원하다', 'Adjective'), ('방향', 'Noun'), ('을', 'Josa'), ('향', 'Noun'), ('하다', 'Verb'), ('지속', 'Noun'), ('적', 'Suffix'), ('으로', 'Josa'), ('나', 'Noun'), ('자신', 'Noun'), ('을', 'Josa'), ('이끌다', 'Verb'), ('나아가다', 'Verb'), ('위', 'Noun'), ('하다', 'Verb'), ('신체', 'Noun'), ('의', 'Josa'), ('컨디션', 'Noun'), ('은', 'Josa'), ('필수', 'Noun'), ('인', 'Josa'), ('것', 'Noun'), ('같다', 'Adjective'), ('.', 'Punctuation'), ('가끔', 'Noun'), ('은', 'Josa'), ('카트라이더', 'Noun'), ('부스터', 'Noun'), ('처럼', 'Josa'), ('나르다', 'Verb'), ('목표', 'Noun'), ('달성', 'Noun'), ('목적지', 'Noun'), ('까지', 'Josa'), ('촤르륵', 'Noun'), ('데리다', 'Verb'), ('주다', 'Verb'), ('하다', 'Verb'), ('때', 'Noun'), ('가', 'Josa'), ('있다', 'Adjective'), ('.', 'Punctuation'), ('중간', 'Noun'), ('에', 'Josa'), ('생각', 'Noun'), ('지도', 'Noun'), ('못', 'Noun'), ('한', 'Josa'), ('장애물', 'Noun'), ('을', 'Josa'), ('만나다', 'Verb'), ('하다', 'Verb'), (',', 'Punctuation'), ('목표', 'Noun'), ('자체', 'Noun'), ('에', 'Josa'), ('회의', 'Noun'), ('감', 'Noun'), ('을', 'Josa'), ('느끼다', 'Verb'), ('기도', 'Noun'), ('하다', 'Verb'), ('다시', 'Noun'), ('가야', 'Noun'), ('하다', 'Verb'), ('곳', 'Noun'), ('을', 'Josa'), ('정', 'Noun'), ('하다', 'Verb'), ('하다', 'Verb'), ('.', 'Punctuation'), ('그러나', 'Conjunction'), ('목표', 'Noun'), ('를', 'Josa'), ('적다', 'Verb'), ('해도', 'Noun'), ('두근거리다', 'Adjective'), (',', 'Punctuation'), ('되다', 'Verb'), ('것', 'Noun'), ('만', 'Josa'), ('같다', 'Adjective'), (',', 'Punctuation'), ('미치다', 'Adjective'), ('행복감', 'Noun'), ('이', 'Josa'), ('밀려오다', 'Verb'), ('온', 'Noun'), ('마음', 'Noun'), ('을', 'Josa'), ('다해', 'Noun'), ('목표', 'Noun'), ('를', 'Josa'), ('이루다', 'Verb'), ('과정', 'Noun'), ('속', 'Noun'), ('에서', 'Josa'), ('헌신', 'Noun'), ('하다', 'Verb'), ('것', 'Noun'), ('이', 'Josa'), ('두렵다', 'Adjective'), ('심신', 'Noun'), ('이', 'Josa'), ('지', 'Modifier'), ('칠', 'Modifier'), ('정도', 'Noun'), ('로', 'Josa'), ('힘들다', 'Adjective'), ('않다', 'Verb'), ('.', 'Punctuation'), ('그러하다', 'Adjective'), ('목표', 'Noun'), ('는', 'Josa'), ('실현', 'Noun'), ('되다', 'Verb'), ('수', 'Noun'), ('밖에', 'Josa'), ('없다', 'Adjective'), ('.', 'Punctuation'), ('오히려', 'Noun'), ('에너지', 'Noun'), ('가', 'Josa'), ('넘치다', 'Adjective'), ('흐르다', 'Verb'), ('열정', 'Noun'), ('이', 'Josa'), ('가득하다', 'Adjective'), ('.', 'Punctuation'), ('이르다', 'Verb'), ('위해', 'Noun'), ('생각', 'Noun'), ('만해', 'Noun'), ('도', 'Josa'), ('두근거리다', 'Adjective'), ('내', 'Noun'), ('가', 'Josa'), ('정말', 'Noun'), ('자다', 'Verb'), ('하다', 'Verb'), ('수', 'Noun'), ('있다', 'Adjective'), ('것', 'Noun'), ('같다', 'Adjective'), ('나', 'Noun'), ('만의', 'Josa'), ('목표', 'Noun'), ('를', 'Josa'), ('매일', 'Noun'), ('상기', 'Noun'), ('시키다', 'Verb'), ('.', 'Punctuation'), ('이', 'Noun'), ('와', 'Josa'), ('동시', 'Noun'), ('에', 'Josa'), ('나', 'Noun'), ('만의', 'Josa'), ('지도', 'Noun'), ('를', 'Josa'), ('만들다', 'Verb'), (',', 'Punctuation'), ('그', 'Noun'), ('과정', 'Noun'), ('속', 'Noun'), ('에서', 'Josa'), ('수정', 'Noun'), ('보완', 'Noun'), ('하다', 'Verb'), ('콕콕', 'Adverb'), ('찌르다', 'Verb'), ('보다', 'Verb'), ('수많다', 'Adjective'), ('시도', 'Noun'), ('들', 'Suffix'), ('을', 'Josa'), ('해보다', 'Verb'), ('것', 'Noun'), ('이', 'Josa'), ('필요하다', 'Adjective'), ('.', 'Punctuation'), ('지도', 'Noun'), ('나', 'Josa'), ('캠퍼스', 'Noun'), ('처럼', 'Josa'), ('지표', 'Noun'), ('로', 'Josa'), ('삼', 'Noun'), ('을', 'Josa'), ('만', 'Noun'), ('한', 'Josa'), ('것', 'Noun'), ('이', 'Josa'), ('하나', 'Noun'), ('도', 'Josa'), ('없다', 'Adjective'), ('때', 'Noun'), ('인간', 'Noun'), ('에게', 'Josa'), ('어떻다', 'Adjective'), ('일이', 'Modifier'), ('벌어지다', 'Verb'), ('지르다', 'Verb'), ('연구', 'Noun'), ('하다', 'Verb'), ('.', 'Punctuation'), ('이다', 'Verb'), ('은유', 'Noun'), ('적', 'Suffix'), ('인', 'Josa'), ('이야기', 'Noun'), ('가', 'Josa'), ('아니다', 'Adjective'), ('.', 'Punctuation'), ('소우', 'Noun'), ('만', 'Josa'), ('박사', 'Noun'), ('는', 'Josa'), ('북극성', 'Noun'), ('이나', 'Josa'), ('일몰', 'Noun'), ('을', 'Josa'), ('볼', 'Noun'), ('수', 'Noun'), ('없다', 'Adjective'), ('상태', 'Noun'), ('로', 'Josa'), ('숲', 'Noun'), ('이나', 'Josa'), ('사하라', 'Noun'), ('사막', 'Noun'), ('에서', 'Josa'), ('길', 'Noun'), ('을', 'Josa'), ('잃다', 'Verb'), ('사람', 'Noun'), ('에게', 'Josa'), ('무슨', 'Noun'), ('일이', 'Modifier'), ('일어나다', 'Verb'), ('지르다', 'Verb'), ('조사', 'Noun'), ('하다', 'Verb'), ('.', 'Punctuation'), ('그', 'Determiner'), ('곳', 'Noun'), ('에서', 'Josa'), ('사람', 'Noun'), ('들', 'Suffix'), ('은', 'Josa'), ('계속', 'Noun'), ('같다', 'Adjective'), ('자리', 'Noun'), ('를', 'Josa'), ('맴돌다', 'Verb'), ('있다', 'Adjective'), ('.', 'Punctuation'), ('숲', 'Noun'), ('이나', 'Josa'), ('사막', 'Noun'), ('에서', 'Josa'), ('벗어나다', 'Verb'), ('위해', 'Noun'), ('일직선', 'Noun'), ('으로', 'Josa'), ('걸다', 'Verb'), ('나가다', 'Verb'), ('생각', 'Noun'), ('하고', 'Josa'), ('걸다', 'Verb'), (',', 'Punctuation'), ('결국', 'Adverb'), ('출발', 'Noun'), ('지점', 'Noun'), ('으로', 'Josa'), ('되돌아오다', 'Verb'), ('.', 'Punctuation'), ('이처럼', 'Noun'), ('직감', 'Noun'), ('만으로는', 'Josa'), ('부족하다', 'Adjective'), ('.', 'Punctuation'), ('소우', 'Noun'), ('만', 'Josa'), ('박사', 'Noun'), ('는', 'Josa'), (""'"", 'Punctuation'), ('자신', 'Noun'), ('의', 'Josa'), ('감각', 'Noun'), ('을', 'Josa'), ('믿다', 'Verb'), ('마르다', 'Adjective'), ('.', 'Punctuation'), ('사람', 'Noun'), ('들', 'Suffix'), ('은', 'Josa'), ('사실', 'Noun'), ('은', 'Josa'), ('그렇다', 'Adjective'), ('않다', 'Verb'), ('자신', 'Noun'), ('이', 'Josa'), ('똑바로', 'Noun'), ('걷다', 'Verb'), ('있다', 'Adjective'), ('착각', 'Noun'), ('하', 'Suffix'), ('곤', 'Noun'), ('하다', 'Verb'), (""'"", 'Punctuation'), ('고', 'Noun'), ('말', 'Noun'), ('하다', 'Verb'), ('.', 'Punctuation'), ('인간', 'Noun'), ('의', 'Josa'), ('본성', 'Noun'), ('은', 'Josa'), ('지도', 'Noun'), ('를', 'Josa'), ('필요', 'Noun'), ('로', 'Josa'), ('하다', 'Verb'), ('.', 'Punctuation'), ('당신', 'Noun'), ('이', 'Josa'), ('지도', 'Noun'), ('를', 'Josa'), ('그릴', 'Noun'), ('수', 'Noun'), ('있다', 'Adjective'), ('정도', 'Noun'), ('로', 'Josa'), ('충분하다', 'Adjective'), ('용감하다', 'Adjective'), (',', 'Punctuation'), ('사람', 'Noun'), ('들', 'Suffix'), ('이', 'Josa'), ('당신', 'Noun'), ('의', 'Josa'), ('뒤', 'Noun'), ('를', 'Josa'), ('따르다', 'Verb'), ('것', 'Noun'), ('이다', 'Josa'), ('.""', 'Punctuation'), ('그냥', 'Noun'), ('가만히', 'Adverb'), ('앉다', 'Verb'), ('이', 'Noun'), ('시간', 'Noun'), ('에', 'Josa'), ('집중', 'Noun'), ('하다', 'Verb'), ('침묵', 'Noun'), ('하다', 'Verb'), ('시간', 'Noun'), ('을', 'Josa'), ('갖다', 'Verb'), ('좋다', 'Adjective'), ('.', 'Punctuation'), ('아무', 'Modifier'), ('것', 'Noun'), ('도', 'Josa'), ('안', 'VerbPrefix'), ('하다', 'Verb'), ('시간', 'Noun'), ('이', 'Josa'), ('필요하다', 'Adjective'), ('.', 'Punctuation'), ('멀다', 'Adjective'), ('산', 'Noun'), ('을', 'Josa'), ('바라보다', 'Verb'), ('멍', 'Noun'), ('때리다', 'Verb'), ('기도', 'Noun'), ('좋다', 'Adjective'), ('.', 'Punctuation'), (""'"", 'Punctuation'), ('아무', 'Modifier'), ('것', 'Noun'), ('도', 'Josa'), ('안', 'VerbPrefix'), ('하다', 'Verb'), ('시간', 'Noun'), (""'"", 'Punctuation'), ('을', 'Josa'), ('스케줄', 'Noun'), ('에', 'Josa'), ('넣다', 'Verb'), ('보다', 'Verb'), ('.', 'Punctuation'), ('스케줄', 'Noun'), ('에', 'Josa'), ('넣다', 'Verb'), ('놓다', 'Verb'), ('아무', 'Modifier'), ('것', 'Noun'), ('도', 'Josa'), ('안', 'VerbPrefix'), ('하다', 'Verb'), ('가능하다', 'Adjective'), ('.', 'Punctuation'), ('사람', 'Noun'), ('들', 'Suffix'), ('은', 'Josa'), ('끊임없다', 'Adjective'), ('무언가', 'Noun'), ('를', 'Josa'), ('하다', 'Verb'), ('.', 'Punctuation'), ('무엇', 'Noun'), ('을', 'Josa'), ('위해', 'Noun'), ('그', 'Noun'), ('무언가', 'Noun'), ('를', 'Josa'), ('하다', 'Verb'), ('것', 'Noun'), ('인가', 'Josa'), ('?', 'Punctuation'), ('무엇', 'Noun'), ('을', 'Josa'), ('하든', 'Noun'), ('지', 'Josa'), (""'"", 'Punctuation'), ('WHY', 'Alpha'), (""'"", 'Punctuation'), ('라는', 'Josa'), ('질문', 'Noun'), ('을', 'Josa'), ('해보다', 'Verb'), ('.', 'Punctuation'), ('자연', 'Noun'), ('과', 'Josa'), ('햇살', 'Noun'), (',', 'Punctuation'), ('내', 'Noun'), ('온몸', 'Noun'), ('의', 'Josa'), ('살다', 'Verb'), ('음', 'Noun'), ('과', 'Josa'), ('신체', 'Noun'), ('의', 'Josa'), ('흐름', 'Noun'), ('을', 'Josa'), ('느끼다', 'Verb'), ('.', 'Punctuation'), ('존재', 'Noun'), ('자체', 'Noun'), ('로', 'Josa'), ('감사하다', 'Verb'), ('.', 'Punctuation'), ('보통', 'Noun'), ('사람', 'Noun'), ('들', 'Suffix'), ('은', 'Josa'), ('지속', 'Noun'), ('적', 'Suffix'), ('으로', 'Josa'), ('뭔가', 'Noun'), ('열심히', 'Adverb'), ('하다', 'Verb'), ('노력', 'Noun'), ('하다', 'Verb'), ('열정', 'Noun'), ('과', 'Josa'), ('에너지', 'Noun'), ('가', 'Josa'), ('넘치다', 'Adjective'), ('생각', 'Noun'), ('하다', 'Verb'), ('수도', 'Noun'), ('있다', 'Adjective'), ('.', 'Punctuation'), ('하지만', 'Conjunction'), ('침묵', 'Noun'), ('의', 'Josa'), ('시간', 'Noun'), ('과', 'Josa'), ('온몸', 'Noun'), ('에', 'Josa'), ('힘', 'Noun'), ('을', 'Josa'), ('빼다', 'Verb'), ('나', 'Noun'), ('자신', 'Noun'), ('에게', 'Josa'), ('집중', 'Noun'), ('하다', 'Verb'), ('시간', 'Noun'), ('이야말로', 'Josa'), ('열정', 'Noun'), ('과', 'Josa'), ('에너지', 'Noun'), ('를', 'Josa'), ('유지', 'Noun'), ('시키다', 'Verb'), ('데', 'Noun'), ('에', 'Josa'), ('꼭', 'Noun'), ('필요하다', 'Adjective'), ('핵심', 'Noun'), ('요소', 'Noun'), ('이다', 'Josa'), ('.', 'Punctuation'), ('예전', 'Noun'), ('에는', 'Josa'), (""'"", 'Punctuation'), ('빽빽하다', 'Adjective'), ('시간관리', 'Noun'), (""'"", 'Punctuation'), ('에', 'Josa'), ('초점', 'Noun'), ('을', 'Josa'), ('두다', 'Verb'), (',', 'Punctuation'), ('요즘', 'Noun'), ('은', 'Josa'), ('러프', 'Noun'), ('한', 'Josa'), ('시간관리', 'Noun'), ('와', 'Josa'), (',', 'Punctuation'), ('중요하다', 'Adjective'), ('일', 'Noun'), ('몇', 'Modifier'), ('가지', 'Noun'), ('에', 'Josa'), ('완전하다', 'Adjective'), (""'"", 'Punctuation'), ('몰입', 'Noun'), (""'"", 'Punctuation'), ('하다', 'Verb'), ('것', 'Noun'), ('에', 'Josa'), ('더욱', 'Noun'), ('초점', 'Noun'), ('을', 'Josa'), ('두다', 'Verb'), ('있다', 'Adjective'), ('.', 'Punctuation'), ('몰입', 'Noun'), ('을', 'Josa'), ('위', 'Noun'), ('하다', 'Verb'), ('주변', 'Noun'), ('정리', 'Noun'), ('가', 'Josa'), ('필수', 'Noun'), ('인', 'Josa'), ('것', 'Noun'), ('같다', 'Adjective'), ('.', 'Punctuation'), ('예', 'Noun'), ('를', 'Josa'), ('들다', 'Verb'), ('이다', 'Verb'), ('갑자기', 'Noun'), ('메모', 'Noun'), ('하다', 'Verb'), ('일이', 'Modifier'), ('생기다', 'Verb'), (',', 'Punctuation'), ('다이어리', 'Noun'), ('나', 'Josa'), ('메모', 'Noun'), ('지', 'Josa'), ('가다', 'Verb'), ('내', 'Noun'), ('가', 'Josa'), ('생각', 'Noun'), ('한', 'Josa'), ('그', 'Noun'), ('자리', 'Noun'), ('에', 'Josa'), ('있다', 'Adjective'), (',', 'Punctuation'), ('자다', 'Verb'), ('정돈', 'Noun'), ('되어다', 'Verb'), ('필통', 'Noun'), ('이나', 'Josa'), ('연필', 'Noun'), ('꽂다', 'Verb'), ('눈앞', 'Noun'), ('에', 'Josa'), ('있다', 'Adjective'), (',', 'Punctuation'), ('기분', 'Noun'), ('좋다', 'Adjective'), ('마음', 'Noun'), ('으로', 'Josa'), ('원하다', 'Adjective'), ('펜', 'Noun'), ('을', 'Josa'), ('뽑다', 'Verb'), ('바로', 'Noun'), ('메모', 'Noun'), ('를', 'Josa'), ('하다', 'Verb'), ('수', 'Noun'), ('있다', 'Adjective'), ('.', 'Punctuation'), ('정신', 'Noun'), ('없다', 'Adjective'), ('공간', 'Noun'), ('에서', 'Josa'), ('무언가', 'Noun'), ('를', 'Josa'), ('찾다', 'Verb'), (',', 'Punctuation'), ('또는', 'Adverb'), ('생각', 'Noun'), ('이', 'Josa'), ('뒤죽박죽', 'Noun'), ('되어다', 'Verb'), ('상태', 'Noun'), ('로', 'Josa'), ('허둥지둥', 'Noun'), ('대다', 'Verb'), ('같다', 'Adjective'), ('1시간', 'Number'), ('을', 'Foreign'), ('보내다', 'Verb'), ('해도', 'Noun'), ('전혀', 'Noun'), ('다른', 'Noun'), ('시간', 'Noun'), ('을', 'Josa'), ('보내다', 'Verb'), ('수', 'Noun'), ('있다', 'Adjective'), ('.', 'Punctuation'), ('몰입', 'Noun'), ('을', 'Josa'), ('위', 'Noun'), ('하다', 'Verb'), ('핵심', 'Noun'), ('만', 'Josa'), ('남기다', 'Verb'), ('하다', 'Verb'), ('.', 'Punctuation'), ('중요하다', 'Adjective'), ('물건', 'Noun'), ('들', 'Suffix'), (',', 'Punctuation'), ('중요하다', 'Adjective'), ('일', 'Noun'), ('들', 'Suffix'), ('을', 'Josa'), ('빼다', 'Verb'), ('나머지', 'Noun'), ('의', 'Josa'), ('불필요하다', 'Adjective'), ('것', 'Noun'), ('들', 'Suffix'), ('을', 'Josa'), ('가차', 'Noun'), ('없이', 'Adverb'), ('버리다', 'Verb'), ('수', 'Noun'), ('있다', 'Adjective'), ('용기', 'Noun'), ('가', 'Josa'), ('필요하다', 'Adjective'), ('.', 'Punctuation'), ('어떻다', 'Adjective'), ('매', 'Modifier'), ('일', 'Modifier'), ('매일', 'Noun'), ('신나다', 'Adjective'), (""'"", 'Punctuation'), ('뽜', 'Noun'), ('이야', 'Josa'), (""'"", 'Punctuation'), ('를', 'Noun'), ('외치다', 'Verb'), ('수', 'Noun'), ('있다', 'Adjective'), ('!?', 'Punctuation'), ('내면', 'Noun'), ('깊숙하다', 'Adjective'), ('곳', 'Noun'), ('에서', 'Josa'), ('응어리', 'Noun'), ('진', 'Noun'), ('상태', 'Noun'), ('로는', 'Josa'), ('리얼', 'Noun'), ('웃음', 'Noun'), ('을', 'Josa'), ('펼치다', 'Verb'), ('수', 'Noun'), ('없다', 'Adjective'), ('.', 'Punctuation'), ('가장', 'Noun'), ('중요하다', 'Adjective'), ('것', 'Noun'), ('은', 'Josa'), ('내면', 'Noun'), ('깊숙하다', 'Adjective'), ('곳', 'Noun'), ('에서의', 'Josa'), ('외로움', 'Noun'), (',', 'Punctuation'), ('슬픔', 'Noun'), (',', 'Punctuation'), ('아픔', 'Noun'), ('이', 'Josa'), ('치유', 'Noun'), ('가', 'Josa'), ('되다', 'Verb'), ('상태', 'Noun'), ('일', 'Noun'), ('때', 'Noun'), ('비로소', 'Noun'), ('주변', 'Noun'), ('사람', 'Noun'), ('들', 'Suffix'), ('과', 'Josa'), ('진심', 'Noun'), ('어리다', 'Verb'), ('마음', 'Noun'), ('으로', 'Josa'), ('행복하다', 'Adjective'), ('웃다', 'Verb'), ('인사', 'Noun'), ('하고', 'Josa'), (',', 'Punctuation'), ('혼자', 'Noun'), ('있다', 'Adjective'), ('완전하다', 'Adjective'), ('행복감', 'Noun'), ('을', 'Josa'), ('느끼다', 'Verb'), ('수', 'Noun'), ('있다', 'Adjective'), ('.', 'Punctuation'), ('또한', 'Noun'), ('매일', 'Noun'), ('새롭다', 'Adjective'), ('마음', 'Noun'), ('으로', 'Josa'), ('기쁘다', 'Adjective'), ('성장하다', 'Adjective'), ('수', 'Noun'), ('있다', 'Adjective'), ('것', 'Noun'), ('이다', 'Josa'), ('.', 'Punctuation'), ('어쨌든', 'Noun'), ('살아가다', 'Verb'), ('있다', 'Adjective'), ('억지로', 'Noun'), ('힘', 'Noun'), ('을', 'Josa'), ('뽷', 'Noun'), ('주다', 'Verb'), ('무슨', 'Modifier'), ('일이', 'Noun'), ('든', 'Josa'), ('열심히', 'Adverb'), ('하다', 'Verb'), ('위해', 'Noun'), ('미치다', 'Adjective'), (""'"", 'Punctuation'), ('노력', 'Noun'), (""'"", 'Punctuation'), ('하다', 'Verb'), ('억지', 'Noun'), ('웃음', 'Noun'), ('을', 'Josa'), ('드러내다', 'Verb'), ('보다는', 'Josa'), (',', 'Punctuation'), ('힘', 'Noun'), ('을', 'Josa'), ('좀', 'Noun'), ('빼다', 'Verb'), ('여유', 'Noun'), ('있다', 'Adjective'), ('미소', 'Noun'), ('와', 'Josa'), ('함께', 'Adverb'), ('모든', 'Noun'), ('순간', 'Noun'), ('을', 'Josa'), ('오다', 'Verb'), ('즐기다', 'Verb'), ('만끽', 'Noun'), ('하다', 'Verb'), ('것', 'Noun'), ('이', 'Josa'), ('진정', 'Noun'), ('성', 'Suffix'), ('있다', 'Adjective'), ('인생', 'Noun'), ('을', 'Josa'), ('살아가다', 'Verb'), ('좋다', 'Adjective'), ('방식', 'Noun'), ('중', 'Suffix'), ('의', 'Josa'), ('하나', 'Noun'), ('가', 'Josa'), ('아니다', 'Adjective'), ('생각', 'Noun'), ('해보다', 'Verb'), ('.', 'Punctuation')]","['어쩌면', '세상', '열정', '되다', '되다', '않다', '열정', '금방', '지치다', '열정', '무기', '그리다', '가지', '열정', '개인', '생각', '지속', '타오르다', '캔들', '속', '불씨', '꺼지다', '않다', '지속', '불씨', '말', '싶다', '때로는', '잠시', '끄다', '식히다', '두다', '은', '항', '향', '내뿜', '순간', '불', '붙이다', '지속', '불씨', '유지', '열정', '지속', '불타', '오르다', '위', '정신', '상태', '몸', '상태', '동시', '목표', '향', '달다', '나가다', '데', '지속', '실행', '힘', '생기다', '제일', '누구', '알', '사람', '문제', '숙면', '위해', '방법', '동원', '숙면', '취해', '숙면', '날', '날', '하루', '하늘', '땅', '차이', '계획', '세우다', '목표', '향', '달려가다', '해도', '몸', '상태', '능률', '떨어지다', '시간', '보내다', '해도', '시간', '질', '확', '날', '상태', '목표', '치의', '계획', '이루다', '위해', '억지로', '날', '빡센', '계획', '그냥', '계획', '지키다', '욕망', '사로잡히다', '그것', '실행', '그냥', '억지로', '만들어지다', '욕망', '일', '뿐', '인생', '보고', '방향', '향', '지속', '나', '자신', '이끌다', '나아가다', '위', '신체', '컨디션', '필수', '가끔', '카트라이더', '부스터', '나르다', '목표', '달성', '목적지', '촤르륵', '데리다', '주다', '중간', '생각', '지도', '못', '장애물', '만나다', '목표', '자체', '회의', '감', '느끼다', '기도', '다시', '가야', '곳', '정', '목표', '적다', '해도', '되다', '행복감', '밀려오다', '온', '마음', '다해', '목표', '이루다', '과정', '속', '헌신', '심신', '정도', '않다', '목표', '실현', '되다', '오히려', '에너지', '흐르다', '열정', '이르다', '위해', '생각', '만해', '정말', '자다', '나', '목표', '매일', '상기', '시키다', '동시', '나', '지도', '만들다', '과정', '속', '수정', '보완', '찌르다', '보다', '시도', '해보다', '지도', '캠퍼스', '지표', '삼', '만', '하나', '인간', '벌어지다', '지르다', '연구', '은유', '이야기', '소우', '박사', '북극성', '일몰', '볼', '상태', '숲', '사하라', '사막', '길', '잃다', '사람', '무슨', '일어나다', '지르다', '조사', '곳', '사람', '계속', '자리', '맴돌다', '숲', '사막', '벗어나다', '위해', '일직선', '걸다', '나가다', '생각', '걸다', '출발', '지점', '되돌아오다', '이처럼', '직감', '소우', '박사', '자신', '감각', '믿다', '사람', '사실', '않다', '자신', '똑바로', '걷다', '착각', '곤', '고', '말', '인간', '본성', '지도', '필요', '당신', '지도', '그릴', '정도', '사람', '당신', '뒤', '따르다', '그냥', '앉다', '시간', '집중', '침묵', '시간', '갖다', '시간', '산', '바라보다', '멍', '때리다', '기도', '시간', '스케줄', '넣다', '보다', '스케줄', '넣다', '놓다', '사람', '무언가', '위해', '무언가', '하든', '질문', '해보다', '자연', '햇살', '온몸', '살다', '음', '신체', '흐름', '느끼다', '존재', '자체', '감사하다', '보통', '사람', '지속', '뭔가', '노력', '열정', '에너지', '생각', '침묵', '시간', '온몸', '힘', '빼다', '나', '자신', '집중', '시간', '열정', '에너지', '유지', '시키다', '데', '핵심', '요소', '예전', '시간관리', '초점', '두다', '요즘', '러프', '시간관리', '일', '가지', '몰입', '초점', '두다', '몰입', '위', '주변', '정리', '필수', '들다', '갑자기', '메모', '생기다', '다이어리', '메모', '가다', '생각', '자리', '자다', '정돈', '되어다', '필통', '연필', '꽂다', '눈앞', '기분', '마음', '펜', '뽑다', '메모', '정신', '공간', '무언가', '찾다', '생각', '뒤죽박죽', '되어다', '상태', '허둥지둥', '대다', '보내다', '해도', '전혀', '다른', '시간', '보내다', '몰입', '위', '핵심', '남기다', '물건', '일', '빼다', '나머지', '가차', '버리다', '용기', '매일', '뽜', '를', '외치다', '내면', '곳', '응어리', '진', '상태', '리얼', '웃음', '펼치다', '가장', '내면', '곳', '외로움', '슬픔', '아픔', '치유', '되다', '상태', '일', '비로소', '주변', '사람', '진심', '어리다', '마음', '웃다', '인사', '혼자', '행복감', '느끼다', '매일', '마음', '어쨌든', '살아가다', '억지로', '힘', '뽷', '주다', '일이', '위해', '노력', '억지', '웃음', '드러내다', '힘', '빼다', '여유', '미소', '순간', '오다', '즐기다', '만끽', '진정', '인생', '살아가다', '방식', '하나', '생각', '해보다']","['가끔' '가야' '가장' '가지' '가차' '감' '감각' '갑자기' '개인' '계속' '계획' '고' '곤' '곳' '공간'
 '과정' '그것' '그냥' '그릴' '금방' '기도' '기분' '길' '나' '나머지' '날' '내면' '내뿜' '노력' '누구'
 '눈앞' '능률' '다른' '다시' '다이어리' '다해' '달성' '당신' '데' '동시' '동원' '뒤' '뒤죽박죽' '땅'
 '때로는' '똑바로' '러프' '를' '리얼' '마음' '만' '만끽' '만해' '말' '매일' '멍' '메모' '목적지' '목표'
 '몰입' '몸' '못' '무기' '무슨' '무언가' '문제' '물건' '뭔가' '미소' '박사' '방법' '방식' '방향' '보고'
 '보완' '보통' '본성' '볼' '부스터' '북극성' '불' '불씨' '불타' '비로소' '빡센' '뽜' '뽷' '뿐' '사람'
 '사막' '사실' '사하라' '산' '삼' '상기' '상태' '생각' '세상' '소우' '속' '수정' '숙면' '순간' '숲'
 '스케줄' '슬픔' '시간' '시간관리' '시도' '신체' '실행' '실현' '심신' '아픔' '알' '어쨌든' '어쩌면' '억지'
 '억지로' '에너지' '여유' '연구' '연필' '열정' '예전' '오히려' '온' '온몸' '외로움' '요소' '요즘' '욕망'
 '용기' '웃음' '위' '위해' '유지' '은' '은유' '음' '응어리' '이야기' '이처럼' '인간' '인사' '인생' '일'
 '일몰' '일이' '일직선' '자리' '자신' '자연' '자체' '잠시' '장애물' '전혀' '정' '정도' '정돈' '정리'
 '정말' '정신' '제일' '조사' '존재' '주변' '중간' '지도' '지속' '지점' '지표' '직감' '진' '진심' '진정'
 '질' '질문' '집중' '차이' '착각' '초점' '촤르륵' '출발' '취해' '치유' '치의' '침묵' '카트라이더' '캔들'
 '캠퍼스' '컨디션' '펜' '필수' '필요' '필통' '하나' '하늘' '하든' '하루' '항' '해도' '핵심' '햇살'
 '행복감' '향' '허둥지둥' '헌신' '혼자' '확' '회의' '흐름' '힘']"
2,두려움,"우리에게 두려움을 일으키는 요인은 다양하다. 엘리베이터에 타는 것을 꺼리는 사람이 있는가 하면 주사바늘이 공포의 대상인 사람도 있다. 두려움이란 위험을 피하도록 동기를 부여하기 위해 고안된 인간의 기본적인 감정이라고 한다. 하지만 일상 생활에서 피하기 힘든 상황에 두려움을 느끼거나 건강에 위해가 되는 경우 이를 극복하기 위한 노력이 필요하다. 미국심리학회 정의에 의하면 공포에 의해 촉발된 생리학적 변화에는 빠른 심장박동, 주변에서 내장으로 쏠리는 혈액 흐름의 방향 전환, 근육 긴장 등이 포함된다. 예일대 감정지능센터 부소장 로빈 스턴 박사는 “공포는 위험이 있을 때 신호를 보낸다. 두려움은 전세계인이 경험하는 보편적 감정”이라고 말한다.무언가를 두려워하는 자신에 대해 부정적으로 판단하는 것은 두려움 극복에 도움이 되지 않는다. 대신에 스턴 박사는 “두려움을 바라보는 방식을 재구성하는 연습을 해보라”고 말한다. 두려움을 좋다 나쁘다 가치판단 하기보다는 몸에서 알려주는 정보라고 생각하라는 조언이다. 그런 다음, 그 정보가 어떤 가치를 가지고 있고 이에 대해 무엇을 해야 하는지 평가한다.두려움을 느낄 때 느리고 깊은 숨을 쉰다. 이는 휴식, 수면, 즐거움을 담당하는 신체시스템인 부교감 신경계를 활성화하는데 도움을 준다. 몸이 평온한 상태가 되면 더 명확하게 생각할 수 있다. 스턴 박사는 “가슴으로 숨을 쉬려고 하는 것은 복식 호흡에 비교해 별로 효과적이지 않다”고 말한다. 배에 손을 얹고 복부가 위아래로 움직이는 것을 느끼면서 천천히 호흡한다.려움을 재구성하는 또 다른 방법은 ‘감정 분석가’가 되려고 노력하는 것이다. 무엇이 나를 두렵게 하는지 차단하거나 무시하기 보다 귀 기울이고 호기심을 갖는다. 스턴 박사는 “두려움이 어디서 오는지 알아야 한다”고 말한다. 그래야 두려움과 맞서는 새로운 방법을 찾을 수도 있고, 생각했던 것만큼 두려워할 일이 아니라는 것을 깨달을 수도 있다.조급해 하기 보다, 자기와의 대화를 부정적 방향에서 긍정적으로 바꾸기 위해 노력한다. 스스로에게 이렇게 말한다: “이 두려움을 잘 알고 있어. 전에 경험했고, 이번에도 나는 잘 해낼 수 있어.”노출치료는 인지치료의 일종이다. 특정 공포와 포비아를 치료하는데 효과적이다. 사람들은 안전한 장소에서 자신이 두려워하는 것과 점차적으로 접하게 된다. 길리한 박사는 “스스로 준비됐다고 느끼는 것이 매우 중요하다”고 말한다. 두려운 것과 맞서기로 선택한 사람이 나 자신이라는 것을 뇌에서 인지하는 것이 중요하다는 설명이다. 연구에 의하면 4~6시간 지속되는 1회 노출치료도 효과를 볼 수 있다. 치료를 받을 상황이 아니라면 셀프로 할 수 있는 인지행동 치료 책자를 사용할 수도 있다.약이 특정한 두려움과 공포증을 치료하는데 도움이 될 수 있는지 의사와 상담하는 것이 핵심이다. 가령 베타 차단제는 수행 불안을 위한 치료제로 처방되거나, 벤조디아제핀은 때때로 불안장애에 처방되기도 한다. 하지만 길리한 박사는 이러한 약이 중독성이 있고, 일반적으로 진정 효과가 있다고 경고한다.","[('우리', 'Noun'), ('에게', 'Josa'), ('두려움', 'Noun'), ('을', 'Josa'), ('일으키다', 'Verb'), ('요인', 'Noun'), ('은', 'Josa'), ('다양하다', 'Adjective'), ('.', 'Punctuation'), ('엘리베이터', 'Noun'), ('에', 'Josa'), ('타다', 'Verb'), ('것', 'Noun'), ('을', 'Josa'), ('꺼리다', 'Verb'), ('사람', 'Noun'), ('이', 'Josa'), ('있다', 'Adjective'), ('하다', 'Verb'), ('주', 'Modifier'), ('사', 'Modifier'), ('바늘', 'Noun'), ('이', 'Josa'), ('공포', 'Noun'), ('의', 'Josa'), ('대상', 'Noun'), ('인', 'Josa'), ('사람', 'Noun'), ('도', 'Josa'), ('있다', 'Adjective'), ('.', 'Punctuation'), ('두려움', 'Noun'), ('이란', 'Josa'), ('위험', 'Noun'), ('을', 'Josa'), ('피하', 'Noun'), ('도록', 'Noun'), ('동기', 'Noun'), ('를', 'Josa'), ('부여', 'Noun'), ('하다', 'Verb'), ('위해', 'Noun'), ('고안', 'Noun'), ('되다', 'Verb'), ('인간', 'Noun'), ('의', 'Josa'), ('기본', 'Noun'), ('적', 'Suffix'), ('인', 'Josa'), ('감정', 'Noun'), ('이라고', 'Josa'), ('하다', 'Verb'), ('.', 'Punctuation'), ('하지만', 'Conjunction'), ('일상', 'Noun'), ('생활', 'Noun'), ('에서', 'Josa'), ('피', 'Noun'), ('하다', 'Verb'), ('힘드다', 'Adjective'), ('상황', 'Noun'), ('에', 'Josa'), ('두려움', 'Noun'), ('을', 'Josa'), ('느끼다', 'Verb'), ('건강', 'Noun'), ('에', 'Josa'), ('위해', 'Noun'), ('가', 'Josa'), ('되다', 'Verb'), ('경우', 'Noun'), ('이르다', 'Verb'), ('극복', 'Noun'), ('하다', 'Verb'), ('위', 'Noun'), ('한', 'Josa'), ('노력', 'Noun'), ('이', 'Josa'), ('필요하다', 'Adjective'), ('.', 'Punctuation'), ('미국', 'Noun'), ('심리', 'Noun'), ('학회', 'Noun'), ('정의', 'Noun'), ('에', 'Josa'), ('의하다', 'Adjective'), ('공포', 'Noun'), ('에', 'Josa'), ('의하다', 'Adjective'), ('촉발', 'Noun'), ('되다', 'Verb'), ('생리학', 'Noun'), ('적', 'Suffix'), ('변화', 'Noun'), ('에는', 'Josa'), ('빠르다', 'Adjective'), ('심장', 'Noun'), ('박동', 'Noun'), (',', 'Punctuation'), ('주변', 'Noun'), ('에서', 'Josa'), ('내장', 'Noun'), ('으로', 'Josa'), ('쏠리다', 'Verb'), ('혈액', 'Noun'), ('흐름', 'Noun'), ('의', 'Josa'), ('방향', 'Noun'), ('전환', 'Noun'), (',', 'Punctuation'), ('근육', 'Noun'), ('긴장', 'Noun'), ('등', 'Noun'), ('이', 'Josa'), ('포함', 'Noun'), ('되다', 'Verb'), ('.', 'Punctuation'), ('예일대', 'Noun'), ('감정', 'Noun'), ('지능', 'Noun'), ('센터', 'Noun'), ('부소', 'Noun'), ('장', 'Suffix'), ('로빈', 'Noun'), ('스턴', 'Noun'), ('박사', 'Noun'), ('는', 'Josa'), ('“', 'Foreign'), ('공포', 'Noun'), ('는', 'Josa'), ('위험', 'Noun'), ('이', 'Josa'), ('있다', 'Adjective'), ('때', 'Noun'), ('신호', 'Noun'), ('를', 'Josa'), ('보내다', 'Verb'), ('.', 'Punctuation'), ('두려움', 'Noun'), ('은', 'Josa'), ('전세계', 'Noun'), ('인', 'Suffix'), ('이', 'Josa'), ('경험', 'Noun'), ('하다', 'Verb'), ('보편', 'Noun'), ('적', 'Suffix'), ('감정', 'Noun'), ('”', 'Foreign'), ('이라고', 'Josa'), ('말', 'Noun'), ('하다', 'Verb'), ('.', 'Punctuation'), ('무언가', 'Noun'), ('를', 'Josa'), ('두렵다', 'Adjective'), ('자신', 'Noun'), ('에', 'Josa'), ('대해', 'Noun'), ('부정', 'Noun'), ('적', 'Suffix'), ('으로', 'Josa'), ('판단', 'Noun'), ('하다', 'Verb'), ('것', 'Noun'), ('은', 'Josa'), ('두려움', 'Noun'), ('극복', 'Noun'), ('에', 'Josa'), ('도움', 'Noun'), ('이', 'Josa'), ('되다', 'Verb'), ('않다', 'Verb'), ('.', 'Punctuation'), ('대신', 'Noun'), ('에', 'Josa'), ('스턴', 'Noun'), ('박사', 'Noun'), ('는', 'Josa'), ('“', 'Foreign'), ('두려움', 'Noun'), ('을', 'Josa'), ('바라보다', 'Verb'), ('방식', 'Noun'), ('을', 'Josa'), ('재다', 'Verb'), ('성하다', 'Adjective'), ('연습', 'Noun'), ('을', 'Josa'), ('해보다', 'Verb'), ('”', 'Foreign'), ('고', 'Noun'), ('말', 'Noun'), ('하다', 'Verb'), ('.', 'Punctuation'), ('두려움', 'Noun'), ('을', 'Josa'), ('좋다', 'Adjective'), ('나쁘다', 'Adjective'), ('가치판단', 'Noun'), ('하다', 'Verb'), ('몸', 'Noun'), ('에서', 'Josa'), ('알다', 'Verb'), ('정보', 'Noun'), ('라고', 'Josa'), ('생각', 'Noun'), ('하', 'Suffix'), ('라는', 'Josa'), ('조언', 'Noun'), ('이다', 'Josa'), ('.', 'Punctuation'), ('그렇다', 'Adjective'), ('다음', 'Noun'), (',', 'Punctuation'), ('그', 'Noun'), ('정보', 'Noun'), ('가', 'Josa'), ('어떻다', 'Adjective'), ('가치', 'Noun'), ('를', 'Josa'), ('가지', 'Noun'), ('고', 'Josa'), ('있다', 'Adjective'), ('이', 'Noun'), ('에', 'Josa'), ('대해', 'Noun'), ('무엇', 'Noun'), ('을', 'Josa'), ('하다', 'Verb'), ('하다', 'Verb'), ('평가', 'Noun'), ('하다', 'Verb'), ('.', 'Punctuation'), ('두려움', 'Noun'), ('을', 'Josa'), ('느끼다', 'Verb'), ('때', 'Noun'), ('느리다', 'Adjective'), ('깊다', 'Adjective'), ('숨', 'Noun'), ('을', 'Josa'), ('쉬다', 'Verb'), ('.', 'Punctuation'), ('이다', 'Verb'), ('휴식', 'Noun'), (',', 'Punctuation'), ('수면', 'Noun'), (',', 'Punctuation'), ('즐거움', 'Noun'), ('을', 'Josa'), ('담당', 'Noun'), ('하다', 'Verb'), ('신체', 'Noun'), ('시스템', 'Noun'), ('인', 'Josa'), ('부', 'Noun'), ('교감', 'Noun'), ('신경계', 'Noun'), ('를', 'Josa'), ('활성화', 'Noun'), ('하다', 'Verb'), ('도움', 'Noun'), ('을', 'Josa'), ('주다', 'Verb'), ('.', 'Punctuation'), ('몸', 'Noun'), ('이', 'Josa'), ('평온하다', 'Adjective'), ('상태', 'Noun'), ('가', 'Josa'), ('되다', 'Verb'), ('더', 'Noun'), ('명확하다', 'Adjective'), ('생각', 'Noun'), ('하다', 'Verb'), ('수', 'Noun'), ('있다', 'Adjective'), ('.', 'Punctuation'), ('스턴', 'Noun'), ('박사', 'Noun'), ('는', 'Josa'), ('“', 'Foreign'), ('가슴', 'Noun'), ('으로', 'Josa'), ('숨', 'Noun'), ('을', 'Josa'), ('쉬다', 'Verb'), ('하다', 'Verb'), ('것', 'Noun'), ('은', 'Josa'), ('복식', 'Noun'), ('호흡', 'Noun'), ('에', 'Josa'), ('비교', 'Noun'), ('하다', 'Verb'), ('별로', 'Noun'), ('효과', 'Noun'), ('적', 'Suffix'), ('이지', 'Josa'), ('않다', 'Verb'), ('”', 'Foreign'), ('고', 'Noun'), ('말', 'Noun'), ('하다', 'Verb'), ('.', 'Punctuation'), ('배', 'Noun'), ('에', 'Josa'), ('손', 'Noun'), ('을', 'Josa'), ('얹다', 'Verb'), ('복부', 'Noun'), ('가', 'Josa'), ('위아래', 'Noun'), ('로', 'Josa'), ('움직이다', 'Verb'), ('것', 'Noun'), ('을', 'Josa'), ('느끼다', 'Verb'), ('천천히', 'Adverb'), ('호흡', 'Noun'), ('하다', 'Verb'), ('.', 'Punctuation'), ('려움', 'Noun'), ('을', 'Josa'), ('재다', 'Verb'), ('성하다', 'Adjective'), ('또', 'Noun'), ('다른', 'Noun'), ('방법', 'Noun'), ('은', 'Josa'), ('‘', 'Foreign'), ('감정', 'Noun'), ('분석', 'Noun'), ('가', 'Josa'), ('’', 'Punctuation'), ('가다', 'Verb'), ('되다', 'Verb'), ('노력', 'Noun'), ('하다', 'Verb'), ('것', 'Noun'), ('이다', 'Josa'), ('.', 'Punctuation'), ('무엇', 'Noun'), ('이', 'Josa'), ('나르다', 'Verb'), ('두렵다', 'Adjective'), ('하다', 'Verb'), ('차단', 'Noun'), ('하', 'Suffix'), ('거나', 'Noun'), ('무시', 'Noun'), ('하다', 'Verb'), ('보다', 'Verb'), ('귀', 'Noun'), ('기울이다', 'Verb'), ('호기심', 'Noun'), ('을', 'Josa'), ('갖다', 'Verb'), ('.', 'Punctuation'), ('스턴', 'Noun'), ('박사', 'Noun'), ('는', 'Josa'), ('“', 'Foreign'), ('두려움', 'Noun'), ('이', 'Josa'), ('어디서', 'Adverb'), ('오다', 'Verb'), ('알다', 'Verb'), ('하다', 'Verb'), ('”', 'Foreign'), ('고', 'Noun'), ('말', 'Noun'), ('하다', 'Verb'), ('.', 'Punctuation'), ('그', 'Determiner'), ('래야', 'Noun'), ('두려움', 'Noun'), ('과', 'Josa'), ('맞서다', 'Verb'), ('새롭다', 'Adjective'), ('방법', 'Noun'), ('을', 'Josa'), ('찾다', 'Verb'), ('수도', 'Noun'), ('있다', 'Adjective'), (',', 'Punctuation'), ('생각', 'Noun'), ('하다', 'Verb'), ('것', 'Noun'), ('만큼', 'Josa'), ('두렵다', 'Adjective'), ('하다', 'Verb'), ('일이', 'Modifier'), ('아니다', 'Adjective'), ('것', 'Noun'), ('을', 'Josa'), ('깨달', 'Noun'), ('을', 'Josa'), ('수도', 'Noun'), ('있다', 'Adjective'), ('.', 'Punctuation'), ('조급하다', 'Adjective'), ('하다', 'Verb'), ('보다', 'Verb'), (',', 'Punctuation'), ('자기', 'Noun'), ('와의', 'Josa'), ('대화', 'Noun'), ('를', 'Josa'), ('부정', 'Noun'), ('적', 'Suffix'), ('방향', 'Noun'), ('에서', 'Josa'), ('긍정', 'Noun'), ('적', 'Suffix'), ('으로', 'Josa'), ('바꾸다', 'Verb'), ('위해', 'Noun'), ('노력', 'Noun'), ('하다', 'Verb'), ('.', 'Punctuation'), ('스스로', 'Noun'), ('에게', 'Josa'), ('이렇게', 'Adverb'), ('말', 'Noun'), ('하다', 'Verb'), (':', 'Punctuation'), ('“', 'Foreign'), ('이', 'Noun'), ('두려움', 'Noun'), ('을', 'Josa'), ('자다', 'Verb'), ('알', 'Noun'), ('고', 'Josa'), ('있다', 'Adjective'), ('.', 'Punctuation'), ('전', 'Noun'), ('에', 'Josa'), ('경험', 'Noun'), ('하다', 'Verb'), (',', 'Punctuation'), ('이번', 'Noun'), ('에도', 'Josa'), ('나', 'Noun'), ('는', 'Josa'), ('자다', 'Verb'), ('해내다', 'Verb'), ('수', 'Noun'), ('있다', 'Adjective'), ('.', 'Punctuation'), ('”', 'Foreign'), ('노출', 'Noun'), ('치료', 'Noun'), ('는', 'Josa'), ('인지', 'Noun'), ('치료', 'Noun'), ('의', 'Josa'), ('일종', 'Noun'), ('이다', 'Josa'), ('.', 'Punctuation'), ('특정', 'Noun'), ('공포', 'Noun'), ('와', 'Josa'), ('포비아', 'Noun'), ('를', 'Josa'), ('치료', 'Noun'), ('하다', 'Verb'), ('효과', 'Noun'), ('적', 'Suffix'), ('이다', 'Josa'), ('.', 'Punctuation'), ('사람', 'Noun'), ('들', 'Suffix'), ('은', 'Josa'), ('안전하다', 'Adjective'), ('장소', 'Noun'), ('에서', 'Josa'), ('자신', 'Noun'), ('이', 'Josa'), ('두렵다', 'Adjective'), ('것', 'Noun'), ('과', 'Josa'), ('점차', 'Noun'), ('적', 'Suffix'), ('으로', 'Josa'), ('접', 'Noun'), ('하다', 'Verb'), ('되다', 'Verb'), ('.', 'Punctuation'), ('기다', 'Verb'), ('한', 'Determiner'), ('박사', 'Noun'), ('는', 'Josa'), ('“', 'Foreign'), ('스스로', 'Noun'), ('준비', 'Noun'), ('돼다', 'Verb'), ('느끼다', 'Verb'), ('것', 'Noun'), ('이', 'Josa'), ('매우', 'Noun'), ('중요하다', 'Adjective'), ('”', 'Foreign'), ('고', 'Noun'), ('말', 'Noun'), ('하다', 'Verb'), ('.', 'Punctuation'), ('두렵다', 'Adjective'), ('것', 'Noun'), ('과', 'Josa'), ('맞서다', 'Verb'), ('선택', 'Noun'), ('한', 'Josa'), ('사람', 'Noun'), ('이', 'Josa'), ('나', 'Noun'), ('자신', 'Noun'), ('이라는', 'Josa'), ('것', 'Noun'), ('을', 'Josa'), ('뇌', 'Noun'), ('에서', 'Josa'), ('인지', 'Noun'), ('하다', 'Verb'), ('것', 'Noun'), ('이', 'Josa'), ('중요하다', 'Adjective'), ('설명', 'Noun'), ('이다', 'Josa'), ('.', 'Punctuation'), ('연구', 'Noun'), ('에', 'Josa'), ('의하다', 'Adjective'), ('4~6시간', 'Number'), ('지속', 'Noun'), ('되다', 'Verb'), ('1회', 'Number'), ('노출', 'Noun'), ('치료', 'Noun'), ('도', 'Josa'), ('효과', 'Noun'), ('를', 'Josa'), ('볼', 'Noun'), ('수', 'Noun'), ('있다', 'Adjective'), ('.', 'Punctuation'), ('치료', 'Noun'), ('를', 'Josa'), ('받다', 'Verb'), ('상황', 'Noun'), ('이', 'Josa'), ('아니다', 'Adjective'), ('셀프', 'Noun'), ('로', 'Josa'), ('하다', 'Verb'), ('수', 'Noun'), ('있다', 'Adjective'), ('인지', 'Noun'), ('행동', 'Noun'), ('치료', 'Noun'), ('책자', 'Noun'), ('를', 'Josa'), ('사용', 'Noun'), ('하다', 'Verb'), ('수도', 'Noun'), ('있다', 'Adjective'), ('.', 'Punctuation'), ('약', 'Noun'), ('이', 'Josa'), ('특정하다', 'Adjective'), ('두려움', 'Noun'), ('과', 'Josa'), ('공포증', 'Noun'), ('을', 'Josa'), ('치료', 'Noun'), ('하다', 'Verb'), ('도움', 'Noun'), ('이', 'Josa'), ('되다', 'Verb'), ('수', 'Noun'), ('있다', 'Adjective'), ('의사', 'Noun'), ('와', 'Josa'), ('상담', 'Noun'), ('하다', 'Verb'), ('것', 'Noun'), ('이', 'Josa'), ('핵심', 'Noun'), ('이다', 'Josa'), ('.', 'Punctuation'), ('가령', 'Noun'), ('베타', 'Noun'), ('차단', 'Noun'), ('제', 'Noun'), ('는', 'Josa'), ('수행', 'Noun'), ('불안', 'Noun'), ('을', 'Josa'), ('위', 'Noun'), ('한', 'Josa'), ('치료', 'Noun'), ('제로', 'Noun'), ('처방', 'Noun'), ('되다', 'Verb'), (',', 'Punctuation'), ('벤조디아제핀', 'Noun'), ('은', 'Josa'), ('때때로', 'Adverb'), ('불안장애', 'Noun'), ('에', 'Josa'), ('처방', 'Noun'), ('되다', 'Verb'), ('기도', 'Noun'), ('하다', 'Verb'), ('.', 'Punctuation'), ('하지만', 'Conjunction'), ('기다', 'Verb'), ('한', 'Determiner'), ('박사', 'Noun'), ('는', 'Josa'), ('이러하다', 'Adjective'), ('약', 'Noun'), ('이', 'Josa'), ('중독', 'Noun'), ('성', 'Suffix'), ('이', 'Josa'), ('있다', 'Adjective'), (',', 'Punctuation'), ('일반', 'Noun'), ('적', 'Suffix'), ('으로', 'Josa'), ('진정', 'Noun'), ('효과', 'Noun'), ('가', 'Josa'), ('있다', 'Adjective'), ('경고', 'Noun'), ('한', 'Josa'), ('다', 'Adverb'), ('.', 'Punctuation')]","['우리', '두려움', '일으키다', '요인', '엘리베이터', '타다', '꺼리다', '사람', '바늘', '공포', '대상', '사람', '두려움', '위험', '피하', '도록', '동기', '부여', '위해', '고안', '되다', '인간', '기본', '감정', '일상', '생활', '피', '상황', '두려움', '느끼다', '건강', '위해', '되다', '경우', '이르다', '극복', '위', '노력', '미국', '심리', '학회', '정의', '공포', '촉발', '되다', '생리학', '변화', '심장', '박동', '주변', '내장', '쏠리다', '혈액', '흐름', '방향', '전환', '근육', '긴장', '포함', '되다', '예일대', '감정', '지능', '센터', '부소', '로빈', '스턴', '박사', '공포', '위험', '신호', '보내다', '두려움', '전세계', '경험', '보편', '감정', '말', '무언가', '자신', '부정', '판단', '두려움', '극복', '도움', '되다', '않다', '대신', '스턴', '박사', '두려움', '바라보다', '방식', '재다', '연습', '해보다', '고', '말', '두려움', '가치판단', '몸', '알다', '정보', '생각', '조언', '다음', '정보', '가치', '가지', '평가', '두려움', '느끼다', '숨', '쉬다', '휴식', '수면', '즐거움', '담당', '신체', '시스템', '부', '교감', '신경계', '활성화', '도움', '주다', '몸', '상태', '되다', '더', '생각', '스턴', '박사', '가슴', '숨', '쉬다', '복식', '호흡', '비교', '별로', '효과', '않다', '고', '말', '배', '손', '얹다', '복부', '위아래', '움직이다', '느끼다', '호흡', '려움', '재다', '또', '다른', '방법', '감정', '분석', '가다', '되다', '노력', '나르다', '차단', '거나', '무시', '보다', '귀', '기울이다', '호기심', '갖다', '스턴', '박사', '두려움', '오다', '알다', '고', '말', '래야', '두려움', '맞서다', '방법', '찾다', '생각', '깨달', '보다', '자기', '대화', '부정', '방향', '긍정', '바꾸다', '위해', '노력', '스스로', '말', '두려움', '자다', '알', '전', '경험', '이번', '나', '자다', '해내다', '노출', '치료', '인지', '치료', '일종', '특정', '공포', '포비아', '치료', '효과', '사람', '장소', '자신', '점차', '접', '되다', '기다', '박사', '스스로', '준비', '돼다', '느끼다', '매우', '고', '말', '맞서다', '선택', '사람', '나', '자신', '뇌', '인지', '설명', '연구', '지속', '되다', '노출', '치료', '효과', '볼', '치료', '받다', '상황', '셀프', '인지', '행동', '치료', '책자', '사용', '약', '두려움', '공포증', '치료', '도움', '되다', '의사', '상담', '핵심', '가령', '베타', '차단', '제', '수행', '불안', '위', '치료', '제로', '처방', '되다', '벤조디아제핀', '불안장애', '처방', '되다', '기도', '기다', '박사', '약', '중독', '일반', '진정', '효과', '경고']","['가령' '가슴' '가지' '가치' '가치판단' '감정' '거나' '건강' '경고' '경우' '경험' '고' '고안' '공포'
 '공포증' '교감' '귀' '극복' '근육' '긍정' '기도' '기본' '긴장' '깨달' '나' '내장' '노력' '노출' '뇌'
 '다른' '다음' '담당' '대상' '대신' '대화' '더' '도록' '도움' '동기' '두려움' '또' '래야' '려움' '로빈'
 '말' '매우' '몸' '무시' '무언가' '미국' '바늘' '박동' '박사' '방법' '방식' '방향' '배' '베타'
 '벤조디아제핀' '변화' '별로' '보편' '복부' '복식' '볼' '부' '부소' '부여' '부정' '분석' '불안' '불안장애'
 '비교' '사람' '사용' '상담' '상태' '상황' '생각' '생리학' '생활' '선택' '설명' '센터' '셀프' '손'
 '수면' '수행' '숨' '스스로' '스턴' '시스템' '신경계' '신체' '신호' '심리' '심장' '알' '약' '엘리베이터'
 '연구' '연습' '예일대' '요인' '우리' '위' '위아래' '위해' '위험' '의사' '이번' '인간' '인지' '일반'
 '일상' '일종' '자기' '자신' '장소' '전' '전세계' '전환' '점차' '접' '정보' '정의' '제' '제로' '조언'
 '주변' '준비' '중독' '즐거움' '지능' '지속' '진정' '차단' '책자' '처방' '촉발' '치료' '특정' '판단'
 '평가' '포비아' '포함' '피' '피하' '학회' '핵심' '행동' '혈액' '호기심' '호흡' '활성화' '효과' '휴식'
 '흐름']"
3,분노,"뇌와 호르몬이 작동하는 원리에 따라 내면을 들여다보면 내 안의 분노와 열등감, 자기비하 같은 소모적인 감정을 줄일 수 있다는 건데요.뇌는 심리적 불편함을 육체적으로 공격받았을 때와 동일하게 처리합니다. 이러한 스트레스 상황이 30분 이상 지속되면 부신피질에서 코르티솔을 분비하는데요. 코르티솔은 원래 상처에 염증이 나지 않도록 하는 스트레스 호르몬이지만, 감정적인 이유로 코르티솔이 분비되면 실제 상처를 입지 않았기 때문에 오히려 면역계를 교란에 빠트립니다. 이렇게 분비된 코르티솔은 편도체와 해마를 자극하는데요. 해마의 통제를 제대로 받지 못한 편도체는 정신을 못차리고 계속 경보음을 울리면서 부정적인 정보를 끌어 모읍니다. 정글이나 초원이었다면 한껏 민감해진 태도가 숨어 있는 적을 찾아내는데 도움이 됐겠지만, 요즘 같은 시대에는 불쾌한 감정을 부풀리는 역할만 하죠. 시작은 아주 사소한 일이었는데, 그 때문에 불편한 상상들이 이어지고 결국 겉잡을 수 없이 화가 나거나 분노를 느낀 적이 있나요? 대단치도 않은 일에 화들짝 놀라고, 별것 아닌 일에 짜증을 내는 일 말예요. 가만히 들여다보면 우리는 별것 아닌 일에 버럭 화를 내곤 합니다. 사소한 일이 있을 때마다 예민하게 반응하는 것은 결국 우리 스스로 상처를 키우고 덧나게 하는 것임을 잊지 마세요
 우리 기억창고에는 부정적 경험들이 훨씬 많이 들어있습니다. 좋았던 일보다 상처받았던 일, 가슴 아팠던 일들이 훨씬 더 빨리, 더 많이 떠오르죠. 또 사람마다 상처받는 말들도 다릅니다. 살아오면서 경험한 것들이 다르고 그때 형성된 가치관이 다르기 때문입니다. 하지만 불쾌한 경험을 무작정 회피하거나 숨겨두고 부정하는 대신 그대로 인정해 보세요. 심리 치료에서도 이게 첫 걸음입니다. 정신분석학에서는 이를 ‘무의식의 의식화’라고 하는데요. 묻어두었던 감정을 점차 의식세계로 끌어올리는 겁니다.  신기한 점은 이 나쁜 기억들이 창고에 꽁꽁 갇혀 있을 떄는 굉장한 힘을 발휘하는데, 막상 의식 선상에 떠올려 이해하고 나면 힘을 잃는다는 점입니다.  야생마 같은 내 마음 속의 콤플렉스, 열등감, 수치심을 마음껏 꺼내 놓으세요. 또 부정적인 감정일수록 자꾸 비워내세요. 해결되지 않는 감정은 꾸준한 자기관찰을 통해 충분히 길들일 수 있습니다.위스콘신대학교 심리학과 교수인 리처드 데이비슨 박사는 정서 상태와 뇌 활동과의 상관관계를 오랫동안 연구해 왔는데요. 그 결과 뇌의 오른쪽 전전두피질이 활발하게 작용하면 우울감과 불안감을 느끼고, 외부자극에 과민하게 반응한다는 사실을 밝혀냈습니다. 반대로 왼쪽 전전두피질이 강하게 작용하면 만족감을 느끼고 낙천적이며 쾌활해 진다는 것도 알아냈죠. 이는 뇌의 좌반구와 우반구 중 어느 쪽이 더 활발하게 기능하느냐에 따라 낙천적일 수도 있고 염세적일 수도 있다는 사실을 최초로 증명한 것이라 더더욱 의미 있는데요. 더 놀라운 것은 부정적인 성향으로 진화되어 온 뇌가 명상을 통해 긍정적으로 바뀔 수 있다는 겁니다. 렇게 개발된 것이 바로 ‘마음챙김에 기반한 스트레스 대처법’입니다. 불교 명상을 이용한 건데요. 연구팀은 생명공학회사에 다니는 연구원들을 대상으로 한 주에 3시간씩 8주 동안 마음챙김 명상을 하도록 했는데, 오른쪽이 우세했던 뇌는 8주 후 왼쪽 전전두피질의 작용이 월등히 앞서는 것으로 나타났다고 하네요.자기비하나 자기혐오 같은 부정적 감정을 없애는 가장 효과적인 방법은 앞서 말했던 ‘마음챙김 명상’입니다. 명상을 하기 위해 가만히 앉아 호흡을 지켜보면 처음엔 온갖 잡념이 떠올라 잘 집중이 안 되는데요. 이는 지극히 정상이에요. 다만 그 잡다한 생각에 끌려가지 않도록 주의해야 합니다. 생각과 일정한 거리를 두고 가만히 지켜보는 것이 명상의 시작입니다. 화, 분노, 불안, 억욱함, 슬픔, 섭섭함 등 여러 감정을 일으키는 과거의 경험과 생각들이 떠오르는데요. 여기에 휘둘리지 말고 ‘관찰자 입장’을 유지해 보세요. 그럼 그 생각은 더 이상 힘을 쓰지 못하고 흘러가버립니다. 그리고 다시 호흡에 마음을 모으면 묘한 해방감을 맛보게 됩니다. 마음챙김 명상은 걸어가면서도 할 수 있고, 누워서도 할 수 있어요. 보통은 의자가 방석을 깔고 앉아서 하는데요. 장소는 방해받지 않고 마음을 집중할 수 있는 곳이면 어디든 OK. 보통 30분에서 1시간 정도 앉아서 명상을 하면 깉은 단계에 이를 수 있다고 하는데, 시간이 질을 보장하는 것이 아니니 처음은 5분 정도로 짧게 시도하는 것을 추천합니다. 매일 아침, 저녁 3개월 ‘마음챙김 명상’과 함께 하루를 시작하고 마무리 해 보세요. 마음은 물론 당신의 뇌의 모습까지 달라질 수 있습니다. 어떤 것에도 얽매이지 않을 때의 고요함과 평화로움, 꼭 한 번 경험해 보시길 바랍니다. ","[('뇌', 'Noun'), ('와', 'Josa'), ('호르몬', 'Noun'), ('이', 'Josa'), ('작동', 'Noun'), ('하다', 'Verb'), ('원리', 'Noun'), ('에', 'Josa'), ('따르다', 'Verb'), ('내면', 'Noun'), ('을', 'Josa'), ('들여다보다', 'Verb'), ('내', 'Noun'), ('안', 'Noun'), ('의', 'Josa'), ('분노', 'Noun'), ('와', 'Josa'), ('열등감', 'Noun'), (',', 'Punctuation'), ('자기', 'Noun'), ('비다', 'Verb'), ('같다', 'Adjective'), ('소모', 'Noun'), ('적', 'Suffix'), ('인', 'Josa'), ('감정', 'Noun'), ('을', 'Josa'), ('줄이다', 'Verb'), ('수', 'Noun'), ('있다', 'Adjective'), ('건데', 'Noun'), ('요', 'Josa'), ('.', 'Punctuation'), ('뇌', 'Noun'), ('는', 'Josa'), ('심리', 'Noun'), ('적', 'Suffix'), ('불편하다', 'Adjective'), ('육체', 'Noun'), ('적', 'Suffix'), ('으로', 'Josa'), ('공격', 'Noun'), ('받다', 'Verb'), ('때', 'Noun'), ('와', 'Josa'), ('동일하다', 'Adjective'), ('처리', 'Noun'), ('하다', 'Verb'), ('.', 'Punctuation'), ('이러하다', 'Adjective'), ('스트레스', 'Noun'), ('상황', 'Noun'), ('이', 'Josa'), ('30분', 'Number'), ('이상', 'Noun'), ('지속', 'Noun'), ('되다', 'Verb'), ('부신피질', 'Noun'), ('에서', 'Josa'), ('코르티솔', 'Noun'), ('을', 'Josa'), ('분비', 'Noun'), ('하다', 'Verb'), ('.', 'Punctuation'), ('코르티솔', 'Noun'), ('은', 'Josa'), ('원래', 'Noun'), ('상처', 'Noun'), ('에', 'Josa'), ('염증', 'Noun'), ('이', 'Josa'), ('나다', 'Verb'), ('않다', 'Verb'), ('하다', 'Verb'), ('스트레스', 'Noun'), ('호르몬', 'Noun'), ('이지만', 'Josa'), (',', 'Punctuation'), ('감정', 'Noun'), ('적', 'Suffix'), ('인', 'Josa'), ('이유', 'Noun'), ('로', 'Josa'), ('코르티솔', 'Noun'), ('이', 'Josa'), ('분비', 'Noun'), ('되다', 'Verb'), ('실제', 'Noun'), ('상처', 'Noun'), ('를', 'Josa'), ('입지', 'Noun'), ('않다', 'Verb'), ('때문', 'Noun'), ('에', 'Josa'), ('오히려', 'Noun'), ('면역계', 'Noun'), ('를', 'Josa'), ('교란', 'Noun'), ('에', 'Josa'), ('빠트립니', 'Noun'), ('다', 'Josa'), ('.', 'Punctuation'), ('이렇게', 'Adverb'), ('분비', 'Noun'), ('되다', 'Verb'), ('코르티솔', 'Noun'), ('은', 'Josa'), ('편도체', 'Noun'), ('와', 'Josa'), ('해마', 'Noun'), ('를', 'Josa'), ('자극', 'Noun'), ('하다', 'Verb'), ('.', 'Punctuation'), ('해마', 'Noun'), ('의', 'Josa'), ('통제', 'Noun'), ('를', 'Josa'), ('제대로', 'Noun'), ('받다', 'Verb'), ('못', 'Noun'), ('한', 'Josa'), ('편도체', 'Noun'), ('는', 'Josa'), ('정신', 'Noun'), ('을', 'Josa'), ('못', 'VerbPrefix'), ('차리다', 'Verb'), ('계속', 'Noun'), ('경보', 'Noun'), ('음', 'Noun'), ('을', 'Josa'), ('울리다', 'Verb'), ('부정', 'Noun'), ('적', 'Suffix'), ('인', 'Josa'), ('정보', 'Noun'), ('를', 'Josa'), ('끌다', 'Verb'), ('모으다', 'Verb'), ('.', 'Punctuation'), ('정글', 'Noun'), ('이나', 'Josa'), ('초원', 'Noun'), ('이다', 'Verb'), ('한껏', 'Adverb'), ('민감하다', 'Adjective'), ('태도', 'Noun'), ('가', 'Josa'), ('숨다', 'Verb'), ('있다', 'Adjective'), ('적', 'Noun'), ('을', 'Josa'), ('찾아내다', 'Verb'), ('도움', 'Noun'), ('이', 'Josa'), ('돼다', 'Verb'), (',', 'Punctuation'), ('요즘', 'Noun'), ('같다', 'Adjective'), ('시대', 'Noun'), ('에는', 'Josa'), ('불쾌하다', 'Adjective'), ('감정', 'Noun'), ('을', 'Josa'), ('부풀리다', 'Verb'), ('역할', 'Noun'), ('만', 'Josa'), ('하다', 'Verb'), ('.', 'Punctuation'), ('시작', 'Noun'), ('은', 'Josa'), ('아주', 'Noun'), ('사소하다', 'Adjective'), ('일', 'Noun'), ('이다', 'Verb'), (',', 'Punctuation'), ('그', 'Noun'), ('때문', 'Noun'), ('에', 'Josa'), ('불편하다', 'Adjective'), ('상상', 'Noun'), ('들', 'Suffix'), ('이', 'Josa'), ('이어지다', 'Verb'), ('결국', 'Adverb'), ('겉잡', 'Noun'), ('을', 'Josa'), ('수', 'Noun'), ('없이', 'Adverb'), ('화가', 'Noun'), ('나다', 'Verb'), ('분노', 'Noun'), ('를', 'Josa'), ('느끼다', 'Verb'), ('적', 'Noun'), ('이', 'Josa'), ('있다', 'Adjective'), ('?', 'Punctuation'), ('대', 'Modifier'), ('단치', 'Noun'), ('도', 'Josa'), ('않다', 'Verb'), ('일', 'Noun'), ('에', 'Josa'), ('화들짝', 'Adverb'), ('놀라다', 'Verb'), (',', 'Punctuation'), ('별것', 'Noun'), ('아니다', 'Adjective'), ('일', 'Noun'), ('에', 'Josa'), ('짜증', 'Noun'), ('을', 'Josa'), ('내다', 'Verb'), ('일', 'Noun'), ('말', 'Noun'), ('예요', 'Josa'), ('.', 'Punctuation'), ('가만히', 'Adverb'), ('들여다보다', 'Verb'), ('우리', 'Noun'), ('는', 'Josa'), ('별것', 'Noun'), ('아니다', 'Adjective'), ('일', 'Noun'), ('에', 'Josa'), ('버럭', 'Noun'), ('화', 'Noun'), ('를', 'Josa'), ('내', 'Determiner'), ('곤', 'Noun'), ('하다', 'Verb'), ('.', 'Punctuation'), ('사소하다', 'Adjective'), ('일이', 'Modifier'), ('있다', 'Adjective'), ('때', 'Noun'), ('마다', 'Josa'), ('예민하다', 'Adjective'), ('반응', 'Noun'), ('하다', 'Verb'), ('것', 'Noun'), ('은', 'Josa'), ('결국', 'Adverb'), ('우리', 'Noun'), ('스스로', 'Noun'), ('상처', 'Noun'), ('를', 'Josa'), ('키우다', 'Verb'), ('덧', 'Noun'), ('나다', 'Verb'), ('하다', 'Verb'), ('것임', 'Noun'), ('을', 'Josa'), ('잊다', 'Verb'), ('말다', 'Verb'), ('\n ', 'Foreign'), ('우리', 'Noun'), ('기', 'Modifier'), ('억', 'Modifier'), ('창고', 'Noun'), ('에는', 'Josa'), ('부정', 'Noun'), ('적', 'Suffix'), ('경험', 'Noun'), ('들', 'Suffix'), ('이', 'Josa'), ('훨씬', 'Adverb'), ('많이', 'Adverb'), ('들다', 'Verb'), ('.', 'Punctuation'), ('좋다', 'Adjective'), ('일보', 'Noun'), ('다', 'Josa'), ('상처', 'Noun'), ('받다', 'Verb'), ('일', 'Noun'), (',', 'Punctuation'), ('가슴', 'Noun'), ('아프다', 'Adjective'), ('일', 'Noun'), ('들', 'Suffix'), ('이', 'Josa'), ('훨씬', 'Adverb'), ('더', 'Noun'), ('빨리', 'Adverb'), (',', 'Punctuation'), ('더', 'Noun'), ('많이', 'Adverb'), ('떠오르다', 'Verb'), ('.', 'Punctuation'), ('또', 'Noun'), ('사람', 'Noun'), ('마다', 'Josa'), ('상처', 'Noun'), ('받다', 'Verb'), ('말', 'Noun'), ('들', 'Suffix'), ('도', 'Josa'), ('다르다', 'Adjective'), ('.', 'Punctuation'), ('살아오다', 'Verb'), ('경험', 'Noun'), ('한', 'Josa'), ('것', 'Noun'), ('들', 'Suffix'), ('이', 'Josa'), ('다르다', 'Adjective'), ('그때', 'Noun'), ('형성', 'Noun'), ('되다', 'Verb'), ('가치관', 'Noun'), ('이', 'Josa'), ('다르다', 'Adjective'), ('때문', 'Noun'), ('이다', 'Adjective'), ('.', 'Punctuation'), ('하지만', 'Conjunction'), ('불쾌하다', 'Adjective'), ('경험', 'Noun'), ('을', 'Josa'), ('무작정', 'Noun'), ('회피', 'Noun'), ('하', 'Suffix'), ('거나', 'Noun'), ('숨기다', 'Verb'), ('두다', 'Verb'), ('부정', 'Noun'), ('하다', 'Verb'), ('대신', 'Noun'), ('그대로', 'Noun'), ('인정', 'Noun'), ('하다', 'Verb'), ('보다', 'Verb'), ('.', 'Punctuation'), ('심리', 'Noun'), ('치료', 'Noun'), ('에서도', 'Josa'), ('이', 'Noun'), ('게', 'Josa'), ('첫', 'Noun'), ('걸음', 'Noun'), ('이다', 'Adjective'), ('.', 'Punctuation'), ('정신분석학', 'Noun'), ('에서는', 'Josa'), ('이르다', 'Verb'), ('‘', 'Foreign'), ('무의식', 'Noun'), ('의', 'Josa'), ('의식', 'Noun'), ('화', 'Suffix'), ('’', 'Punctuation'), ('라고', 'Josa'), ('하다', 'Verb'), ('.', 'Punctuation'), ('묻다', 'Verb'), ('두다', 'Verb'), ('감정', 'Noun'), ('을', 'Josa'), ('점차', 'Noun'), ('의식', 'Noun'), ('세계', 'Noun'), ('로', 'Josa'), ('끌다', 'Verb'), ('올리다', 'Verb'), ('겁니다', 'Verb'), ('.', 'Punctuation'), ('신기하다', 'Adjective'), ('점', 'Noun'), ('은', 'Josa'), ('이', 'Noun'), ('나쁘다', 'Adjective'), ('기억', 'Noun'), ('들', 'Suffix'), ('이', 'Josa'), ('창고', 'Noun'), ('에', 'Josa'), ('꽁꽁', 'Noun'), ('갇히다', 'Verb'), ('있다', 'Adjective'), ('떄', 'Noun'), ('는', 'Josa'), ('굉장하다', 'Adjective'), ('힘', 'Noun'), ('을', 'Josa'), ('발휘', 'Noun'), ('하다', 'Verb'), (',', 'Punctuation'), ('막상', 'Noun'), ('의식', 'Noun'), ('선상', 'Noun'), ('에', 'Josa'), ('떠올리다', 'Verb'), ('이해', 'Noun'), ('하고', 'Josa'), ('나다', 'Verb'), ('힘', 'Noun'), ('을', 'Josa'), ('잃다', 'Verb'), ('점', 'Noun'), ('이다', 'Adjective'), ('.', 'Punctuation'), ('야생마', 'Noun'), ('같다', 'Adjective'), ('내', 'Noun'), ('마음', 'Noun'), ('속', 'Noun'), ('의', 'Josa'), ('콤플렉스', 'Noun'), (',', 'Punctuation'), ('열등감', 'Noun'), (',', 'Punctuation'), ('수치심', 'Noun'), ('을', 'Josa'), ('마음껏', 'Noun'), ('꺼내다', 'Verb'), ('놓다', 'Verb'), ('.', 'Punctuation'), ('또', 'Noun'), ('부정', 'Noun'), ('적', 'Suffix'), ('인', 'Josa'), ('감정', 'Noun'), ('일수록', 'Josa'), ('자꾸', 'Noun'), ('비우다', 'Verb'), ('.', 'Punctuation'), ('해결', 'Noun'), ('되다', 'Verb'), ('않다', 'Verb'), ('감정', 'Noun'), ('은', 'Josa'), ('꾸준하다', 'Adjective'), ('자기', 'Noun'), ('관찰', 'Noun'), ('을', 'Josa'), ('통해', 'Noun'), ('충분하다', 'Adjective'), ('길들이다', 'Verb'), ('수', 'Noun'), ('있다', 'Adjective'), ('.', 'Punctuation'), ('위스콘신', 'Noun'), ('대학교', 'Noun'), ('심리학', 'Noun'), ('과', 'Josa'), ('교수', 'Noun'), ('인', 'Josa'), ('리처드', 'Noun'), ('데이비슨', 'Noun'), ('박사', 'Noun'), ('는', 'Josa'), ('정서', 'Noun'), ('상태', 'Noun'), ('와', 'Josa'), ('뇌', 'Noun'), ('활동', 'Noun'), ('과의', 'Josa'), ('상관관계', 'Noun'), ('를', 'Josa'), ('오랫동안', 'Adverb'), ('연구', 'Noun'), ('하다', 'Verb'), ('오다', 'Verb'), ('.', 'Punctuation'), ('그', 'Noun'), ('결과', 'Noun'), ('뇌', 'Noun'), ('의', 'Josa'), ('오른쪽', 'Noun'), ('전전', 'Modifier'), ('두', 'Modifier'), ('피질', 'Noun'), ('이', 'Josa'), ('활발하다', 'Adjective'), ('작용', 'Noun'), ('하다', 'Verb'), ('우울', 'Noun'), ('감', 'Noun'), ('과', 'Josa'), ('불안감', 'Noun'), ('을', 'Josa'), ('느끼다', 'Verb'), (',', 'Punctuation'), ('외부', 'Noun'), ('자극', 'Noun'), ('에', 'Josa'), ('과민하다', 'Adjective'), ('반응', 'Noun'), ('한다는', 'Modifier'), ('사실', 'Noun'), ('을', 'Josa'), ('밝혀내다', 'Verb'), ('.', 'Punctuation'), ('반대', 'Noun'), ('로', 'Josa'), ('왼쪽', 'Noun'), ('전전', 'Modifier'), ('두', 'Modifier'), ('피질', 'Noun'), ('이', 'Josa'), ('강하다', 'Adjective'), ('작용', 'Noun'), ('하다', 'Verb'), ('만족감', 'Noun'), ('을', 'Josa'), ('느끼다', 'Verb'), ('낙천', 'Noun'), ('적', 'Suffix'), ('이며', 'Josa'), ('쾌활하다', 'Adjective'), ('지다', 'Verb'), ('것', 'Noun'), ('도', 'Josa'), ('알아내다', 'Verb'), ('.', 'Punctuation'), ('이다', 'Verb'), ('뇌', 'Noun'), ('의', 'Josa'), ('좌', 'Noun'), ('반구', 'Noun'), ('와', 'Josa'), ('우', 'Adverb'), ('반구', 'Noun'), ('중', 'Noun'), ('어느', 'Adverb'), ('쪽', 'Noun'), ('이', 'Josa'), ('더', 'Noun'), ('활발하다', 'Adjective'), ('기능', 'Noun'), ('하다', 'Verb'), ('따르다', 'Verb'), ('낙천', 'Noun'), ('적', 'Suffix'), ('일', 'Noun'), ('수도', 'Noun'), ('있다', 'Adjective'), ('염세', 'Noun'), ('적', 'Suffix'), ('일', 'Noun'), ('수도', 'Noun'), ('있다', 'Adjective'), ('사실', 'Noun'), ('을', 'Josa'), ('최초', 'Noun'), ('로', 'Josa'), ('증명', 'Noun'), ('한', 'Josa'), ('것', 'Noun'), ('이라', 'Josa'), ('더', 'Noun'), ('더욱', 'Noun'), ('의미', 'Noun'), ('있다', 'Adjective'), ('.', 'Punctuation'), ('더', 'Noun'), ('놀랍다', 'Adjective'), ('것', 'Noun'), ('은', 'Josa'), ('부정', 'Noun'), ('적', 'Suffix'), ('인', 'Josa'), ('성향', 'Noun'), ('으로', 'Josa'), ('진화', 'Noun'), ('되어다', 'Verb'), ('온', 'Noun'), ('뇌', 'Noun'), ('가', 'Josa'), ('명상', 'Noun'), ('을', 'Josa'), ('통해', 'Noun'), ('긍정', 'Noun'), ('적', 'Suffix'), ('으로', 'Josa'), ('바뀌다', 'Verb'), ('수', 'Noun'), ('있다', 'Adjective'), ('겁니다', 'Verb'), ('.', 'Punctuation'), ('렇', 'Noun'), ('게', 'Josa'), ('개발', 'Noun'), ('되다', 'Verb'), ('것', 'Noun'), ('이', 'Josa'), ('바로', 'Noun'), ('‘', 'Foreign'), ('마음', 'Noun'), ('챙기다', 'Verb'), ('기반', 'Noun'), ('한', 'Josa'), ('스트레스', 'Noun'), ('대처', 'Noun'), ('법', 'Noun'), ('’', 'Punctuation'), ('이다', 'Adjective'), ('.', 'Punctuation'), ('불교', 'Noun'), ('명상', 'Noun'), ('을', 'Josa'), ('이용', 'Noun'), ('한', 'Josa'), ('건데', 'Noun'), ('요', 'Josa'), ('.', 'Punctuation'), ('연', 'Modifier'), ('구', 'Modifier'), ('팀', 'Noun'), ('은', 'Josa'), ('생명공학', 'Noun'), ('회사', 'Noun'), ('에', 'Josa'), ('다니다', 'Verb'), ('연구원', 'Noun'), ('들', 'Suffix'), ('을', 'Josa'), ('대상', 'Noun'), ('으로', 'Josa'), ('하다', 'Verb'), ('주', 'Noun'), ('에', 'Josa'), ('3시간', 'Number'), ('씩', 'Foreign'), ('8', 'Number'), ('주', 'Noun'), ('동안', 'Noun'), ('마음', 'Noun'), ('챙기다', 'Verb'), ('명상', 'Noun'), ('을', 'Josa'), ('하다', 'Verb'), ('하다', 'Verb'), (',', 'Punctuation'), ('오른쪽', 'Noun'), ('이', 'Josa'), ('우세하다', 'Adjective'), ('뇌', 'Noun'), ('는', 'Josa'), ('8', 'Number'), ('주', 'Noun'), ('후', 'Noun'), ('왼쪽', 'Noun'), ('전전', 'Modifier'), ('두', 'Modifier'), ('피질', 'Noun'), ('의', 'Josa'), ('작용', 'Noun'), ('이', 'Josa'), ('월등하다', 'Adjective'), ('앞서다', 'Verb'), ('것', 'Noun'), ('으로', 'Josa'), ('나타나다', 'Verb'), ('하다', 'Verb'), ('.', 'Punctuation'), ('자기', 'Noun'), ('비', 'Noun'), ('하나', 'Noun'), ('자기혐오', 'Noun'), ('같다', 'Adjective'), ('부정', 'Noun'), ('적', 'Suffix'), ('감정', 'Noun'), ('을', 'Josa'), ('없애다', 'Verb'), ('가장', 'Noun'), ('효과', 'Noun'), ('적', 'Suffix'), ('인', 'Josa'), ('방법', 'Noun'), ('은', 'Josa'), ('앞서', 'Noun'), ('말', 'Noun'), ('하다', 'Verb'), ('‘', 'Foreign'), ('마음', 'Noun'), ('챙기다', 'Verb'), ('명상', 'Noun'), ('’', 'Punctuation'), ('이다', 'Adjective'), ('.', 'Punctuation'), ('명상', 'Noun'), ('을', 'Josa'), ('하다', 'Verb'), ('위해', 'Noun'), ('가만히', 'Adverb'), ('앉다', 'Verb'), ('호흡', 'Noun'), ('을', 'Josa'), ('지켜보다', 'Verb'), ('처음', 'Noun'), ('엔', 'Josa'), ('온갖', 'Noun'), ('잡념', 'Noun'), ('이', 'Josa'), ('떠오르다', 'Verb'), ('자다', 'Verb'), ('집중', 'Noun'), ('이', 'Josa'), ('안', 'Noun'), ('되다', 'Verb'), ('.', 'Punctuation'), ('이다', 'Verb'), ('지극히', 'Adverb'), ('정상', 'Noun'), ('이에요', 'Josa'), ('.', 'Punctuation'), ('다만', 'Noun'), ('그', 'Noun'), ('잡다하다', 'Adjective'), ('생각', 'Noun'), ('에', 'Josa'), ('끌리다', 'Verb'), ('않다', 'Verb'), ('주의', 'Noun'), ('하다', 'Verb'), ('하다', 'Verb'), ('.', 'Punctuation'), ('생각', 'Noun'), ('과', 'Josa'), ('일정하다', 'Adjective'), ('거리', 'Noun'), ('를', 'Josa'), ('두다', 'Verb'), ('가만히', 'Adverb'), ('지켜보다', 'Verb'), ('것', 'Noun'), ('이', 'Josa'), ('명상', 'Noun'), ('의', 'Josa'), ('시작', 'Noun'), ('이다', 'Adjective'), ('.', 'Punctuation'), ('화', 'Noun'), (',', 'Punctuation'), ('분노', 'Noun'), (',', 'Punctuation'), ('불안', 'Noun'), (',', 'Punctuation'), ('억욱함', 'Noun'), (',', 'Punctuation'), ('슬픔', 'Noun'), (',', 'Punctuation'), ('섭섭하다', 'Adjective'), ('등', 'Noun'), ('여러', 'Noun'), ('감정', 'Noun'), ('을', 'Josa'), ('일으키다', 'Verb'), ('과거', 'Noun'), ('의', 'Josa'), ('경험', 'Noun'), ('과', 'Josa'), ('생각', 'Noun'), ('들', 'Suffix'), ('이', 'Josa'), ('떠오르다', 'Verb'), ('.', 'Punctuation'), ('여기', 'Noun'), ('에', 'Josa'), ('휘', 'Noun'), ('둘리', 'Noun'), ('지', 'Josa'), ('말고', 'Josa'), ('‘', 'Foreign'), ('관찰자', 'Noun'), ('입장', 'Noun'), ('’', 'Punctuation'), ('을', 'Josa'), ('유지', 'Noun'), ('하다', 'Verb'), ('보다', 'Verb'), ('.', 'Punctuation'), ('그렇다', 'Adjective'), ('그', 'Noun'), ('생각', 'Noun'), ('은', 'Josa'), ('더', 'Noun'), ('이상', 'Noun'), ('힘', 'Noun'), ('을', 'Josa'), ('쓰다', 'Verb'), ('못', 'Noun'), ('하고', 'Josa'), ('흘러가다', 'Verb'), ('버리다', 'Verb'), ('.', 'Punctuation'), ('그리고', 'Conjunction'), ('다시', 'Noun'), ('호흡', 'Noun'), ('에', 'Josa'), ('마음', 'Noun'), ('을', 'Josa'), ('모으다', 'Verb'), ('묘', 'Noun'), ('한', 'Josa'), ('해방', 'Noun'), ('감', 'Noun'), ('을', 'Josa'), ('맛보다', 'Verb'), ('되다', 'Verb'), ('.', 'Punctuation'), ('마음', 'Noun'), ('챙기다', 'Verb'), ('명상', 'Noun'), ('은', 'Josa'), ('걸어가다', 'Verb'), ('하다', 'Verb'), ('수', 'Noun'), ('있다', 'Adjective'), (',', 'Punctuation'), ('눕다', 'Verb'), ('하다', 'Verb'), ('수', 'Noun'), ('있다', 'Adjective'), ('.', 'Punctuation'), ('보통', 'Noun'), ('은', 'Josa'), ('의자', 'Noun'), ('가', 'Josa'), ('방석', 'Noun'), ('을', 'Josa'), ('깔다', 'Verb'), ('앉다', 'Verb'), ('하다', 'Verb'), ('.', 'Punctuation'), ('장소', 'Noun'), ('는', 'Josa'), ('방해', 'Noun'), ('받다', 'Verb'), ('않다', 'Verb'), ('마음', 'Noun'), ('을', 'Josa'), ('집중', 'Noun'), ('하다', 'Verb'), ('수', 'Noun'), ('있다', 'Adjective'), ('곳', 'Noun'), ('이', 'Suffix'), ('면', 'Josa'), ('어디', 'Noun'), ('든', 'Josa'), ('OK', 'Alpha'), ('.', 'Punctuation'), ('보통', 'Noun'), ('30분', 'Number'), ('에서', 'Foreign'), ('1시간', 'Number'), ('정도', 'Noun'), ('앉다', 'Verb'), ('명상', 'Noun'), ('을', 'Josa'), ('하다', 'Verb'), ('깉', 'Noun'), ('은', 'Josa'), ('단계', 'Noun'), ('에', 'Josa'), ('이르다', 'Verb'), ('수', 'Noun'), ('있다', 'Adjective'), ('하다', 'Verb'), (',', 'Punctuation'), ('시간', 'Noun'), ('이', 'Josa'), ('질', 'Noun'), ('을', 'Josa'), ('보장', 'Noun'), ('하다', 'Verb'), ('것', 'Noun'), ('이', 'Josa'), ('아니다', 'Adjective'), ('처음', 'Noun'), ('은', 'Josa'), ('5분', 'Number'), ('정도', 'Noun'), ('로', 'Josa'), ('짧다', 'Adjective'), ('시도', 'Noun'), ('하다', 'Verb'), ('것', 'Noun'), ('을', 'Josa'), ('추천', 'Noun'), ('하다', 'Verb'), ('.', 'Punctuation'), ('매일', 'Noun'), ('아침', 'Noun'), (',', 'Punctuation'), ('저녁', 'Noun'), ('3', 'Number'), ('개월', 'Noun'), ('‘', 'Foreign'), ('마음', 'Noun'), ('챙기다', 'Verb'), ('명상', 'Noun'), ('’', 'Punctuation'), ('과', 'Noun'), ('함께', 'Adverb'), ('하루', 'Noun'), ('를', 'Josa'), ('시작', 'Noun'), ('하고', 'Josa'), ('마무리', 'Noun'), ('해', 'Noun'), ('보다', 'Verb'), ('.', 'Punctuation'), ('마음', 'Noun'), ('은', 'Josa'), ('물론', 'Adverb'), ('당신', 'Noun'), ('의', 'Josa'), ('뇌', 'Noun'), ('의', 'Josa'), ('모습', 'Noun'), ('까지', 'Josa'), ('달라지다', 'Verb'), ('수', 'Noun'), ('있다', 'Adjective'), ('.', 'Punctuation'), ('어떻다', 'Adjective'), ('것', 'Noun'), ('에도', 'Josa'), ('얽매', 'Noun'), ('이지', 'Josa'), ('않다', 'Verb'), ('때', 'Noun'), ('의', 'Josa'), ('고요함', 'Noun'), ('과', 'Josa'), ('평화로움', 'Noun'), (',', 'Punctuation'), ('꼭', 'Noun'), ('하다', 'Verb'), ('번', 'Noun'), ('경험', 'Noun'), ('하다', 'Verb'), ('보다', 'Verb'), ('바라다', 'Verb'), ('.', 'Punctuation')]","['뇌', '호르몬', '작동', '원리', '따르다', '내면', '들여다보다', '안', '분노', '열등감', '자기', '비다', '소모', '감정', '줄이다', '건데', '뇌', '심리', '육체', '공격', '받다', '처리', '스트레스', '상황', '이상', '지속', '되다', '부신피질', '코르티솔', '분비', '코르티솔', '원래', '상처', '염증', '나다', '않다', '스트레스', '호르몬', '감정', '이유', '코르티솔', '분비', '되다', '실제', '상처', '입지', '않다', '때문', '오히려', '면역계', '교란', '빠트립니', '분비', '되다', '코르티솔', '편도체', '해마', '자극', '해마', '통제', '제대로', '받다', '못', '편도체', '정신', '차리다', '계속', '경보', '음', '울리다', '부정', '정보', '끌다', '모으다', '정글', '초원', '태도', '숨다', '적', '찾아내다', '도움', '돼다', '요즘', '시대', '감정', '부풀리다', '역할', '시작', '아주', '일', '때문', '상상', '이어지다', '겉잡', '화가', '나다', '분노', '느끼다', '적', '단치', '않다', '일', '놀라다', '별것', '일', '짜증', '내다', '일', '말', '들여다보다', '우리', '별것', '일', '버럭', '화', '곤', '반응', '우리', '스스로', '상처', '키우다', '덧', '나다', '것임', '잊다', '말다', '우리', '창고', '부정', '경험', '들다', '일보', '상처', '받다', '일', '가슴', '일', '더', '더', '떠오르다', '또', '사람', '상처', '받다', '말', '살아오다', '경험', '그때', '형성', '되다', '가치관', '때문', '경험', '무작정', '회피', '거나', '숨기다', '두다', '부정', '대신', '그대로', '인정', '보다', '심리', '치료', '첫', '걸음', '정신분석학', '이르다', '무의식', '의식', '묻다', '두다', '감정', '점차', '의식', '세계', '끌다', '올리다', '겁니다', '점', '기억', '창고', '꽁꽁', '갇히다', '떄', '힘', '발휘', '막상', '의식', '선상', '떠올리다', '이해', '나다', '힘', '잃다', '점', '야생마', '마음', '속', '콤플렉스', '열등감', '수치심', '마음껏', '꺼내다', '놓다', '또', '부정', '감정', '자꾸', '비우다', '해결', '되다', '않다', '감정', '자기', '관찰', '통해', '길들이다', '위스콘신', '대학교', '심리학', '교수', '리처드', '데이비슨', '박사', '정서', '상태', '뇌', '활동', '상관관계', '연구', '오다', '결과', '뇌', '오른쪽', '피질', '작용', '우울', '감', '불안감', '느끼다', '외부', '자극', '반응', '사실', '밝혀내다', '반대', '왼쪽', '피질', '작용', '만족감', '느끼다', '낙천', '지다', '알아내다', '뇌', '좌', '반구', '반구', '중', '쪽', '더', '기능', '따르다', '낙천', '일', '염세', '일', '사실', '최초', '증명', '더', '의미', '더', '부정', '성향', '진화', '되어다', '온', '뇌', '명상', '통해', '긍정', '바뀌다', '겁니다', '렇', '개발', '되다', '마음', '챙기다', '기반', '스트레스', '대처', '법', '불교', '명상', '이용', '건데', '팀', '생명공학', '회사', '다니다', '연구원', '대상', '주', '주', '동안', '마음', '챙기다', '명상', '오른쪽', '뇌', '주', '후', '왼쪽', '피질', '작용', '앞서다', '나타나다', '자기', '비', '하나', '자기혐오', '부정', '감정', '없애다', '가장', '효과', '방법', '앞서', '말', '마음', '챙기다', '명상', '명상', '위해', '앉다', '호흡', '지켜보다', '처음', '온갖', '잡념', '떠오르다', '자다', '집중', '안', '되다', '정상', '다만', '생각', '끌리다', '않다', '주의', '생각', '거리', '두다', '지켜보다', '명상', '시작', '화', '분노', '불안', '억욱함', '슬픔', '여러', '감정', '일으키다', '과거', '경험', '생각', '떠오르다', '여기', '휘', '둘리', '관찰자', '입장', '유지', '보다', '생각', '더', '이상', '힘', '쓰다', '못', '흘러가다', '버리다', '다시', '호흡', '마음', '모으다', '묘', '해방', '감', '맛보다', '되다', '마음', '챙기다', '명상', '걸어가다', '눕다', '보통', '의자', '방석', '깔다', '앉다', '장소', '방해', '받다', '않다', '마음', '집중', '곳', '어디', '보통', '정도', '앉다', '명상', '깉', '단계', '이르다', '시간', '질', '보장', '처음', '정도', '시도', '추천', '매일', '아침', '저녁', '개월', '마음', '챙기다', '명상', '하루', '시작', '마무리', '보다', '마음', '당신', '뇌', '모습', '달라지다', '얽매', '않다', '고요함', '평화로움', '경험', '보다', '바라다']","['가슴' '가장' '가치관' '감' '감정' '개발' '개월' '거나' '거리' '건데' '걸음' '것임' '겉잡' '결과'
 '경보' '경험' '계속' '고요함' '곤' '곳' '공격' '과거' '관찰' '관찰자' '교란' '교수' '그대로' '그때'
 '긍정' '기능' '기반' '기억' '깉' '꽁꽁' '낙천' '내면' '뇌' '다만' '다시' '단계' '단치' '당신' '대상'
 '대신' '대처' '대학교' '더' '덧' '데이비슨' '도움' '동안' '둘리' '때문' '떄' '또' '렇' '리처드'
 '마무리' '마음' '마음껏' '막상' '만족감' '말' '매일' '면역계' '명상' '모습' '못' '묘' '무의식' '무작정'
 '박사' '반구' '반대' '반응' '발휘' '방법' '방석' '방해' '버럭' '법' '별것' '보장' '보통' '부신피질'
 '부정' '분노' '분비' '불교' '불안' '불안감' '비' '빠트립니' '사람' '사실' '상관관계' '상상' '상처' '상태'
 '상황' '생각' '생명공학' '선상' '성향' '세계' '소모' '속' '수치심' '스스로' '스트레스' '슬픔' '시간'
 '시대' '시도' '시작' '실제' '심리' '심리학' '아주' '아침' '안' '앞서' '야생마' '어디' '억욱함' '얽매'
 '여기' '여러' '역할' '연구' '연구원' '열등감' '염세' '염증' '오른쪽' '오히려' '온' '온갖' '외부' '왼쪽'
 '요즘' '우리' '우울' '원래' '원리' '위스콘신' '위해' '유지' '육체' '음' '의미' '의식' '의자' '이상'
 '이용' '이유' '이해' '인정' '일' '일보' '입장' '입지' '자극' '자기' '자기혐오' '자꾸' '작동' '작용'
 '잡념' '장소' '저녁' '적' '점' '점차' '정글' '정도' '정보' '정상' '정서' '정신' '정신분석학' '제대로'
 '좌' '주' '주의' '중' '증명' '지속' '진화' '질' '집중' '짜증' '쪽' '창고' '처리' '처음' '첫' '초원'
 '최초' '추천' '치료' '코르티솔' '콤플렉스' '태도' '통제' '통해' '팀' '편도체' '평화로움' '피질' '하나'
 '하루' '해결' '해마' '해방' '형성' '호르몬' '호흡' '화' '화가' '활동' '회사' '회피' '효과' '후' '휘'
 '힘']"
4,우울,"슬픔, 흥미의 상실, 무관심 이 세 가지는 많은 우울증 환자들을 둘러싼 어두운 삼각형을 형성한다. 하지만 그들이 당신을 함정에 빠뜨리게 하면 당신은 결국 헤메게 될 것이다. 당신은 또 좌절의 그물에 걸리게 될 것이고, 우울증에 당신의 삶의 열쇠를 넘겨줄 것이다. 우울증을 극복한 사람들은 새로운 관심사를 찾는다. 새로운 수업에 등록하고, 일상에 새로운 활동을 추가한다.어떤 일을 하기 위한 새로운 동기를 찾을 수 있도록 생활 습관을 바꾼다. 긍정적인 사람들과 좋은 친구들과 시간을 보내려 한다.음울함은 우울증의 근본을 이룬다. 당신의 실수에 대해 집착하기 시작할 때이다. 여러분은 맑은 날에도 불행과 먹구름을 끌어들이며, 음울함 속에 갇히게 된다. 이것은 결코 좋은 패턴이 아니다. 우울증을 극복한 사람들은 인지 요법이 그 시기에 큰 도움이 될 수 있다는 것을 알고 있다. 자신의 관점을 바꾸고, 부정적인 악순환을 깨고, 스스로 출구 경로를 만들어야 한다.아무런 목표도 없이 일어나는 것은 하루를 허비하는 것과 같다. 아무런 동기 없이 아침에 눈을 뜨는 것은 마치 심장이 꺼진 채 하루를 시작하는 것과 같다. 마치 당신의 마음을 괴롭힐 수 없는 것처럼 말이다. 우울증의 재발을 피하고 싶다면, 자기 자신에게 목적, 즉 구체적인 목표를 주어야 한다. 오후를 혼자 보내거나 책을 사고, 여행을 예약하거나 누군가를 만나는 것처럼 간단한 목표를 만드는 것으로 충분하다.제한을 설정하는 것이 건강에 중요하다. 모든 것을 참아 낸 사람들은 결국 무너져 버린다. 무엇보다도 우울증의 가장 흔한 원인 중 하나는 당신이 이 모든 것을 감당할 수 있다고 생각하는 것이다. 모든 사람들과 잘 지내는 것이 당신이 좋은 사람이라는 것을 의미한다고 생각하는 것은 또 다른 큰 실수이다. 그것은 당신을 완전히 지치게 할 뿐이다. 우울증을 극복한 사람들은 그들의 자신의 삶에 한계를 두어야 한다는 것을 이해한다. 그들은 그것이 옳다고 느낄 때 ‘아니오’라고 말하고, 원할 때 ‘네’라고 말할 수 있는 용기를 가졌다. 그것은 행복하고 건강하기 위한 좋은 방법이다.움직이는 육체는 그렇게 슬프지 않다. 걷고, 춤추고, 수영하고, 점프하고, 스트레칭 등을 하는 사람들은 그들 스스로 많은 양의 엔돌핀을 스스로 만들어낸다. 혈액순환을 향상시키고 뇌를 산화시킨다. 그리고 나서 이 모든 것들이 슬픔으로부터 당신을 보호해 주는 호르몬인 세로토닌을 더 많이 분비해낸다.좋은 식단은 우울증과 관련된 질병을 직접적으로 치료하는 것은 아니다. 하지만 그것은 몇 가지 방법으로 우울감으로부터 당신을 보호해 줄 수 있다. 우선, 당신은 무언가에 관심을 두고 있다. 당신은 반드시 좋은 음식을 사야 하고, 새로운 요리법을 시도해야 한다. 균형 잡힌 식사, 즉 트립토판, 마그네슘, 산화 방지제, 그리고 비타민과 같은 것들이 풍부한 식단은 사람들이 더 많은 세로토닌을 생성하도록 도와 주기 때문에 좋은 습관이라 말할 수 있다.우울증에 빠지는 것을 피할 수 있는 한 가지 검증된 방법은 바로 명상을 연습하는 것이다. 실제로 스트레스와 불안의 일상적인 영향을 줄이기 위한 심리적 전략으로서, 명상의 이점에 대해 논하는 많은 연구들이 있다. 이 명상 기법은 다음을 수행한다. 감정을 더 잘 알 수 있도록 돕는다. 음울한 생각의 연속을 깬다. 즉각적인 경험에 대해 더 많이 생각하도록 돕는다. 우선 순위를 정하고 더 나은 결정을 내릴 수 있게 된다. 다른 선택 사항을 탐구하고, 한 개인으로서 누구인지를 둘러싼, 창의성과 직관력을 깨울 수 있도록 한다.","[('슬픔', 'Noun'), (',', 'Punctuation'), ('흥미', 'Noun'), ('의', 'Josa'), ('상실', 'Noun'), (',', 'Punctuation'), ('무관심', 'Noun'), ('이', 'Noun'), ('세', 'Noun'), ('가지다', 'Verb'), ('많다', 'Adjective'), ('우울증', 'Noun'), ('환자', 'Noun'), ('들', 'Suffix'), ('을', 'Josa'), ('둘러싸다', 'Verb'), ('어', 'Noun'), ('두운', 'Noun'), ('삼각형', 'Noun'), ('을', 'Josa'), ('형성', 'Noun'), ('하다', 'Verb'), ('.', 'Punctuation'), ('하지만', 'Conjunction'), ('그', 'Noun'), ('들', 'Suffix'), ('이', 'Josa'), ('당신', 'Noun'), ('을', 'Josa'), ('함정', 'Noun'), ('에', 'Josa'), ('빠뜨리다', 'Verb'), ('하다', 'Verb'), ('당신', 'Noun'), ('은', 'Josa'), ('결국', 'Adverb'), ('헤메', 'Noun'), ('게', 'Josa'), ('되다', 'Verb'), ('것', 'Noun'), ('이다', 'Josa'), ('.', 'Punctuation'), ('당신', 'Noun'), ('은', 'Josa'), ('또', 'Noun'), ('좌절', 'Noun'), ('의', 'Josa'), ('그물', 'Noun'), ('에', 'Josa'), ('걸리다', 'Verb'), ('되다', 'Verb'), ('것', 'Noun'), ('이고', 'Josa'), (',', 'Punctuation'), ('우울증', 'Noun'), ('에', 'Josa'), ('당신', 'Noun'), ('의', 'Josa'), ('삶', 'Noun'), ('의', 'Josa'), ('열쇠', 'Noun'), ('를', 'Josa'), ('넘겨주다', 'Verb'), ('것', 'Noun'), ('이다', 'Josa'), ('.', 'Punctuation'), ('우울증', 'Noun'), ('을', 'Josa'), ('극복', 'Noun'), ('한', 'Josa'), ('사람', 'Noun'), ('들', 'Suffix'), ('은', 'Josa'), ('새롭다', 'Adjective'), ('관심사', 'Noun'), ('를', 'Josa'), ('찾다', 'Verb'), ('.', 'Punctuation'), ('새롭다', 'Adjective'), ('수업', 'Noun'), ('에', 'Josa'), ('등록', 'Noun'), ('하고', 'Josa'), (',', 'Punctuation'), ('일상', 'Noun'), ('에', 'Josa'), ('새롭다', 'Adjective'), ('활동', 'Noun'), ('을', 'Josa'), ('추가', 'Noun'), ('하다', 'Verb'), ('.', 'Punctuation'), ('어떻다', 'Adjective'), ('일', 'Noun'), ('을', 'Josa'), ('하다', 'Verb'), ('위', 'Noun'), ('한', 'Josa'), ('새롭다', 'Adjective'), ('동기', 'Noun'), ('를', 'Josa'), ('찾다', 'Verb'), ('수', 'Noun'), ('있다', 'Adjective'), ('생활', 'Noun'), ('습관', 'Noun'), ('을', 'Josa'), ('바꾸다', 'Verb'), ('.', 'Punctuation'), ('긍정', 'Noun'), ('적', 'Suffix'), ('인', 'Josa'), ('사람', 'Noun'), ('들', 'Suffix'), ('과', 'Josa'), ('좋다', 'Adjective'), ('친구', 'Noun'), ('들', 'Suffix'), ('과', 'Josa'), ('시간', 'Noun'), ('을', 'Josa'), ('보내다', 'Verb'), ('하다', 'Verb'), ('.', 'Punctuation'), ('음울하다', 'Adjective'), ('우울증', 'Noun'), ('의', 'Josa'), ('근본', 'Noun'), ('을', 'Josa'), ('이루다', 'Verb'), ('.', 'Punctuation'), ('당신', 'Noun'), ('의', 'Josa'), ('실수', 'Noun'), ('에', 'Josa'), ('대해', 'Noun'), ('집착', 'Noun'), ('하다', 'Verb'), ('시작', 'Noun'), ('하다', 'Verb'), ('때', 'Noun'), ('이다', 'Josa'), ('.', 'Punctuation'), ('여러분', 'Noun'), ('은', 'Josa'), ('맑은', 'Noun'), ('날', 'Noun'), ('에도', 'Josa'), ('불행', 'Noun'), ('과', 'Josa'), ('먹구름', 'Noun'), ('을', 'Josa'), ('끌다', 'Verb'), ('들이다', 'Verb'), (',', 'Punctuation'), ('음울하다', 'Adjective'), ('속', 'Noun'), ('에', 'Josa'), ('갇히다', 'Verb'), ('되다', 'Verb'), ('.', 'Punctuation'), ('이', 'Determiner'), ('것', 'Noun'), ('은', 'Josa'), ('결코', 'Noun'), ('좋다', 'Adjective'), ('패턴', 'Noun'), ('이', 'Josa'), ('아니다', 'Adjective'), ('.', 'Punctuation'), ('우울증', 'Noun'), ('을', 'Josa'), ('극복', 'Noun'), ('한', 'Josa'), ('사람', 'Noun'), ('들', 'Suffix'), ('은', 'Josa'), ('인지', 'Noun'), ('요법', 'Noun'), ('이', 'Josa'), ('그', 'Noun'), ('시기', 'Noun'), ('에', 'Josa'), ('크다', 'Verb'), ('도움', 'Noun'), ('이', 'Josa'), ('되다', 'Verb'), ('수', 'Noun'), ('있다', 'Adjective'), ('것', 'Noun'), ('을', 'Josa'), ('알', 'Noun'), ('고', 'Josa'), ('있다', 'Adjective'), ('.', 'Punctuation'), ('자신', 'Noun'), ('의', 'Josa'), ('관점', 'Noun'), ('을', 'Josa'), ('바꾸다', 'Verb'), (',', 'Punctuation'), ('부정', 'Noun'), ('적', 'Suffix'), ('인', 'Josa'), ('악순환', 'Noun'), ('을', 'Josa'), ('깨다', 'Verb'), (',', 'Punctuation'), ('스스로', 'Noun'), ('출구', 'Noun'), ('경로', 'Noun'), ('를', 'Josa'), ('만들다', 'Verb'), ('하다', 'Verb'), ('.', 'Punctuation'), ('아무렇다', 'Adjective'), ('목표', 'Noun'), ('도', 'Josa'), ('없이', 'Adverb'), ('일어나다', 'Verb'), ('것', 'Noun'), ('은', 'Josa'), ('하루', 'Noun'), ('를', 'Josa'), ('허비하다', 'Adjective'), ('것', 'Noun'), ('과', 'Josa'), ('같다', 'Adjective'), ('.', 'Punctuation'), ('아무렇다', 'Adjective'), ('동기', 'Noun'), ('없이', 'Adverb'), ('아침', 'Noun'), ('에', 'Josa'), ('눈', 'Noun'), ('을', 'Josa'), ('뜨다', 'Verb'), ('것', 'Noun'), ('은', 'Josa'), ('마치', 'Noun'), ('심장', 'Noun'), ('이', 'Josa'), ('꺼지다', 'Verb'), ('채', 'Noun'), ('하루', 'Noun'), ('를', 'Josa'), ('시작', 'Noun'), ('하다', 'Verb'), ('것', 'Noun'), ('과', 'Josa'), ('같다', 'Adjective'), ('.', 'Punctuation'), ('마치', 'Noun'), ('당신', 'Noun'), ('의', 'Josa'), ('마음', 'Noun'), ('을', 'Josa'), ('괴롭히다', 'Verb'), ('수', 'Noun'), ('없다', 'Adjective'), ('것', 'Noun'), ('처럼', 'Josa'), ('말', 'Noun'), ('이다', 'Josa'), ('.', 'Punctuation'), ('우울증', 'Noun'), ('의', 'Josa'), ('재발', 'Noun'), ('을', 'Josa'), ('피하', 'Noun'), ('고', 'Josa'), ('싶다', 'Verb'), (',', 'Punctuation'), ('자기', 'Noun'), ('자신', 'Noun'), ('에게', 'Josa'), ('목적', 'Noun'), (',', 'Punctuation'), ('즉', 'Noun'), ('구체', 'Noun'), ('적', 'Suffix'), ('인', 'Josa'), ('목표', 'Noun'), ('를', 'Josa'), ('주어', 'Noun'), ('야', 'Josa'), ('하다', 'Verb'), ('.', 'Punctuation'), ('오후', 'Noun'), ('를', 'Josa'), ('혼자', 'Noun'), ('보내다', 'Verb'), ('책', 'Noun'), ('을', 'Josa'), ('사고', 'Noun'), (',', 'Punctuation'), ('여행', 'Noun'), ('을', 'Josa'), ('예약', 'Noun'), ('하', 'Suffix'), ('거나', 'Noun'), ('누군가', 'Noun'), ('를', 'Josa'), ('만나다', 'Verb'), ('것', 'Noun'), ('처럼', 'Josa'), ('간단하다', 'Adjective'), ('목표', 'Noun'), ('를', 'Josa'), ('만들다', 'Verb'), ('것', 'Noun'), ('으로', 'Josa'), ('충분하다', 'Adjective'), ('.', 'Punctuation'), ('제한', 'Noun'), ('을', 'Josa'), ('설정', 'Noun'), ('하다', 'Verb'), ('것', 'Noun'), ('이', 'Josa'), ('건강', 'Noun'), ('에', 'Josa'), ('중요하다', 'Adjective'), ('.', 'Punctuation'), ('모든', 'Noun'), ('것', 'Noun'), ('을', 'Josa'), ('참다', 'Verb'), ('내다', 'Verb'), ('사람', 'Noun'), ('들', 'Suffix'), ('은', 'Josa'), ('결국', 'Adverb'), ('무너지다', 'Verb'), ('버리다', 'Verb'), ('.', 'Punctuation'), ('무엇', 'Noun'), ('보다도', 'Josa'), ('우울증', 'Noun'), ('의', 'Josa'), ('가장', 'Noun'), ('흔하다', 'Adjective'), ('원인', 'Noun'), ('중', 'Noun'), ('하나', 'Noun'), ('는', 'Josa'), ('당신', 'Noun'), ('이', 'Josa'), ('이', 'Noun'), ('모든', 'Noun'), ('것', 'Noun'), ('을', 'Josa'), ('감당', 'Noun'), ('하다', 'Verb'), ('수', 'Noun'), ('있다', 'Adjective'), ('생각', 'Noun'), ('하다', 'Verb'), ('것', 'Noun'), ('이다', 'Josa'), ('.', 'Punctuation'), ('모든', 'Noun'), ('사람', 'Noun'), ('들', 'Suffix'), ('과', 'Josa'), ('자다', 'Verb'), ('지내다', 'Verb'), ('것', 'Noun'), ('이', 'Josa'), ('당신', 'Noun'), ('이', 'Josa'), ('좋다', 'Adjective'), ('사람', 'Noun'), ('이라는', 'Josa'), ('것', 'Noun'), ('을', 'Josa'), ('의미', 'Noun'), ('하다', 'Verb'), ('생각', 'Noun'), ('하다', 'Verb'), ('것', 'Noun'), ('은', 'Josa'), ('또', 'Noun'), ('다른', 'Noun'), ('크다', 'Verb'), ('실수', 'Noun'), ('이다', 'Josa'), ('.', 'Punctuation'), ('그것', 'Noun'), ('은', 'Josa'), ('당신', 'Noun'), ('을', 'Josa'), ('완전하다', 'Adjective'), ('지치다', 'Verb'), ('하다', 'Verb'), ('뿐', 'Noun'), ('이다', 'Josa'), ('.', 'Punctuation'), ('우울증', 'Noun'), ('을', 'Josa'), ('극복', 'Noun'), ('한', 'Josa'), ('사람', 'Noun'), ('들', 'Suffix'), ('은', 'Josa'), ('그', 'Noun'), ('들', 'Suffix'), ('의', 'Josa'), ('자신', 'Noun'), ('의', 'Josa'), ('삶', 'Noun'), ('에', 'Josa'), ('한계', 'Noun'), ('를', 'Josa'), ('두다', 'Verb'), ('한다는', 'Modifier'), ('것', 'Noun'), ('을', 'Josa'), ('이해', 'Noun'), ('한', 'Josa'), ('다', 'Adverb'), ('.', 'Punctuation'), ('그', 'Noun'), ('들', 'Suffix'), ('은', 'Josa'), ('그것', 'Noun'), ('이', 'Josa'), ('옳다', 'Adjective'), ('느끼다', 'Verb'), ('때', 'Noun'), ('‘', 'Foreign'), ('아니다', 'Adjective'), ('’', 'Punctuation'), ('라고', 'Josa'), ('말', 'Noun'), ('하고', 'Josa'), (',', 'Punctuation'), ('원하다', 'Adjective'), ('때', 'Noun'), ('‘', 'Foreign'), ('네', 'Noun'), ('’', 'Punctuation'), ('라고', 'Josa'), ('말', 'Noun'), ('하다', 'Verb'), ('수', 'Noun'), ('있다', 'Adjective'), ('용기', 'Noun'), ('를', 'Josa'), ('가지다', 'Verb'), ('.', 'Punctuation'), ('그것', 'Noun'), ('은', 'Josa'), ('행복하다', 'Adjective'), ('건강하다', 'Adjective'), ('위', 'Noun'), ('한', 'Josa'), ('좋다', 'Adjective'), ('방법', 'Noun'), ('이다', 'Josa'), ('.', 'Punctuation'), ('움직이다', 'Verb'), ('육체', 'Noun'), ('는', 'Josa'), ('그렇게', 'Adverb'), ('슬프다', 'Adjective'), ('않다', 'Verb'), ('.', 'Punctuation'), ('걷다', 'Verb'), (',', 'Punctuation'), ('춤추다', 'Verb'), (',', 'Punctuation'), ('수영', 'Noun'), ('하고', 'Josa'), (',', 'Punctuation'), ('점프', 'Noun'), ('하고', 'Josa'), (',', 'Punctuation'), ('스트레칭', 'Noun'), ('등', 'Noun'), ('을', 'Josa'), ('하다', 'Verb'), ('사람', 'Noun'), ('들', 'Suffix'), ('은', 'Josa'), ('그', 'Noun'), ('들', 'Suffix'), ('스스로', 'Noun'), ('많다', 'Adjective'), ('양', 'Noun'), ('의', 'Josa'), ('엔돌핀', 'Noun'), ('을', 'Josa'), ('스스로', 'Noun'), ('만들다', 'Verb'), ('내다', 'Verb'), ('.', 'Punctuation'), ('혈액', 'Noun'), ('순환', 'Noun'), ('을', 'Josa'), ('향상', 'Noun'), ('시키다', 'Verb'), ('뇌', 'Noun'), ('를', 'Josa'), ('산화', 'Noun'), ('시키다', 'Verb'), ('.', 'Punctuation'), ('그리고', 'Conjunction'), ('나서다', 'Verb'), ('이', 'Noun'), ('모든', 'Noun'), ('것', 'Noun'), ('들', 'Suffix'), ('이', 'Josa'), ('슬픔', 'Noun'), ('으로부터', 'Josa'), ('당신', 'Noun'), ('을', 'Josa'), ('보호', 'Noun'), ('하다', 'Verb'), ('주다', 'Verb'), ('호르몬', 'Noun'), ('인', 'Josa'), ('세로토닌', 'Noun'), ('을', 'Josa'), ('더', 'Noun'), ('많이', 'Adverb'), ('분비', 'Noun'), ('해내다', 'Verb'), ('.', 'Punctuation'), ('좋다', 'Adjective'), ('식단', 'Noun'), ('은', 'Josa'), ('우울증', 'Noun'), ('과', 'Josa'), ('관련', 'Noun'), ('되다', 'Verb'), ('질병', 'Noun'), ('을', 'Josa'), ('직접', 'Noun'), ('적', 'Suffix'), ('으로', 'Josa'), ('치료', 'Noun'), ('하다', 'Verb'), ('것', 'Noun'), ('은', 'Josa'), ('아니다', 'Adjective'), ('.', 'Punctuation'), ('하지만', 'Conjunction'), ('그것', 'Noun'), ('은', 'Josa'), ('몇', 'Noun'), ('가지', 'Noun'), ('방법', 'Noun'), ('으로', 'Josa'), ('우울', 'Noun'), ('감', 'Noun'), ('으로부터', 'Josa'), ('당신', 'Noun'), ('을', 'Josa'), ('보호', 'Noun'), ('하다', 'Verb'), ('줄', 'Noun'), ('수', 'Noun'), ('있다', 'Adjective'), ('.', 'Punctuation'), ('우선', 'Noun'), (',', 'Punctuation'), ('당신', 'Noun'), ('은', 'Josa'), ('무언가', 'Noun'), ('에', 'Josa'), ('관심', 'Noun'), ('을', 'Josa'), ('두다', 'Verb'), ('있다', 'Adjective'), ('.', 'Punctuation'), ('당신', 'Noun'), ('은', 'Josa'), ('반드시', 'Noun'), ('좋다', 'Adjective'), ('음식', 'Noun'), ('을', 'Josa'), ('사다', 'Verb'), ('하다', 'Verb'), (',', 'Punctuation'), ('새롭다', 'Adjective'), ('요리법', 'Noun'), ('을', 'Josa'), ('시도', 'Noun'), ('하다', 'Verb'), ('하다', 'Verb'), ('.', 'Punctuation'), ('균형', 'Noun'), ('잡히다', 'Verb'), ('식사', 'Noun'), (',', 'Punctuation'), ('즉', 'Noun'), ('트립토판', 'Noun'), (',', 'Punctuation'), ('마그네슘', 'Noun'), (',', 'Punctuation'), ('산화', 'Noun'), ('방지', 'Noun'), ('제', 'Noun'), (',', 'Punctuation'), ('그리고', 'Conjunction'), ('비타민', 'Noun'), ('과', 'Josa'), ('같다', 'Adjective'), ('것', 'Noun'), ('들', 'Suffix'), ('이', 'Josa'), ('풍부하다', 'Adjective'), ('식단', 'Noun'), ('은', 'Josa'), ('사람', 'Noun'), ('들', 'Suffix'), ('이', 'Josa'), ('더', 'Noun'), ('많다', 'Adjective'), ('세로토닌', 'Noun'), ('을', 'Josa'), ('생', 'Noun'), ('성하다', 'Adjective'), ('도', 'Noun'), ('와', 'Josa'), ('주기', 'Noun'), ('때문', 'Noun'), ('에', 'Josa'), ('좋다', 'Adjective'), ('습관', 'Noun'), ('이라', 'Josa'), ('말', 'Noun'), ('하다', 'Verb'), ('수', 'Noun'), ('있다', 'Adjective'), ('.', 'Punctuation'), ('우울증', 'Noun'), ('에', 'Josa'), ('빠지다', 'Verb'), ('것', 'Noun'), ('을', 'Josa'), ('피', 'Noun'), ('하다', 'Verb'), ('수', 'Noun'), ('있다', 'Adjective'), ('하다', 'Verb'), ('가지', 'Noun'), ('검증', 'Noun'), ('되다', 'Verb'), ('방법', 'Noun'), ('은', 'Josa'), ('바로', 'Noun'), ('명상', 'Noun'), ('을', 'Josa'), ('연습', 'Noun'), ('하다', 'Verb'), ('것', 'Noun'), ('이다', 'Josa'), ('.', 'Punctuation'), ('실제', 'Noun'), ('로', 'Josa'), ('스트레스', 'Noun'), ('와', 'Josa'), ('불안', 'Noun'), ('의', 'Josa'), ('일상', 'Noun'), ('적', 'Suffix'), ('인', 'Josa'), ('영향', 'Noun'), ('을', 'Josa'), ('줄이다', 'Verb'), ('위', 'Noun'), ('한', 'Josa'), ('심리', 'Noun'), ('적', 'Suffix'), ('전략', 'Noun'), ('으로서', 'Josa'), (',', 'Punctuation'), ('명상', 'Noun'), ('의', 'Josa'), ('이점', 'Noun'), ('에', 'Josa'), ('대해', 'Noun'), ('논', 'Noun'), ('하다', 'Verb'), ('많다', 'Adjective'), ('연구', 'Noun'), ('들', 'Suffix'), ('이', 'Josa'), ('있다', 'Adjective'), ('.', 'Punctuation'), ('이', 'Noun'), ('명상', 'Noun'), ('기법', 'Noun'), ('은', 'Josa'), ('다음', 'Noun'), ('을', 'Josa'), ('수행', 'Noun'), ('하다', 'Verb'), ('.', 'Punctuation'), ('감정', 'Noun'), ('을', 'Josa'), ('더', 'Noun'), ('자다', 'Verb'), ('알', 'Noun'), ('수', 'Noun'), ('있다', 'Adjective'), ('돕다', 'Verb'), ('.', 'Punctuation'), ('음울하다', 'Adjective'), ('생각', 'Noun'), ('의', 'Josa'), ('연속', 'Noun'), ('을', 'Josa'), ('깨다', 'Verb'), ('.', 'Punctuation'), ('즉각', 'Noun'), ('적', 'Suffix'), ('인', 'Josa'), ('경험', 'Noun'), ('에', 'Josa'), ('대해', 'Noun'), ('더', 'Noun'), ('많이', 'Adverb'), ('생각', 'Noun'), ('하다', 'Verb'), ('돕다', 'Verb'), ('.', 'Punctuation'), ('우선', 'Noun'), ('순위', 'Noun'), ('를', 'Josa'), ('정', 'Noun'), ('하고', 'Josa'), ('더', 'Noun'), ('나은', 'Noun'), ('결정', 'Noun'), ('을', 'Josa'), ('내리다', 'Verb'), ('수', 'Noun'), ('있다', 'Adjective'), ('되다', 'Verb'), ('.', 'Punctuation'), ('다른', 'Noun'), ('선택', 'Noun'), ('사항', 'Noun'), ('을', 'Josa'), ('탐구', 'Noun'), ('하고', 'Josa'), (',', 'Punctuation'), ('하다', 'Verb'), ('개인', 'Noun'), ('으로서', 'Josa'), ('누구', 'Noun'), ('인지', 'Noun'), ('를', 'Josa'), ('둘러싸다', 'Verb'), (',', 'Punctuation'), ('창의성', 'Noun'), ('과', 'Josa'), ('직관', 'Noun'), ('력', 'Suffix'), ('을', 'Josa'), ('깨우다', 'Verb'), ('수', 'Noun'), ('있다', 'Adjective'), ('하다', 'Verb'), ('.', 'Punctuation')]","['슬픔', '흥미', '상실', '무관심', '세', '가지다', '우울증', '환자', '둘러싸다', '어', '두운', '삼각형', '형성', '당신', '함정', '빠뜨리다', '당신', '헤메', '되다', '당신', '또', '좌절', '그물', '걸리다', '되다', '우울증', '당신', '삶', '열쇠', '넘겨주다', '우울증', '극복', '사람', '관심사', '찾다', '수업', '등록', '일상', '활동', '추가', '일', '위', '동기', '찾다', '생활', '습관', '바꾸다', '긍정', '사람', '친구', '시간', '보내다', '우울증', '근본', '이루다', '당신', '실수', '집착', '시작', '여러분', '맑은', '날', '불행', '먹구름', '끌다', '들이다', '속', '갇히다', '되다', '결코', '패턴', '우울증', '극복', '사람', '인지', '요법', '시기', '크다', '도움', '되다', '알', '자신', '관점', '바꾸다', '부정', '악순환', '깨다', '스스로', '출구', '경로', '만들다', '목표', '일어나다', '하루', '동기', '아침', '눈', '뜨다', '마치', '심장', '꺼지다', '채', '하루', '시작', '마치', '당신', '마음', '괴롭히다', '말', '우울증', '재발', '피하', '싶다', '자기', '자신', '목적', '즉', '구체', '목표', '주어', '오후', '혼자', '보내다', '책', '사고', '여행', '예약', '거나', '누군가', '만나다', '목표', '만들다', '제한', '설정', '건강', '참다', '내다', '사람', '무너지다', '버리다', '우울증', '가장', '원인', '중', '하나', '당신', '감당', '생각', '사람', '자다', '지내다', '당신', '사람', '의미', '생각', '또', '다른', '크다', '실수', '그것', '당신', '지치다', '뿐', '우울증', '극복', '사람', '자신', '삶', '한계', '두다', '이해', '그것', '느끼다', '말', '네', '말', '용기', '가지다', '그것', '위', '방법', '움직이다', '육체', '않다', '걷다', '춤추다', '수영', '점프', '스트레칭', '사람', '스스로', '양', '엔돌핀', '스스로', '만들다', '내다', '혈액', '순환', '향상', '시키다', '뇌', '산화', '시키다', '나서다', '슬픔', '당신', '보호', '주다', '호르몬', '세로토닌', '더', '분비', '해내다', '식단', '우울증', '관련', '되다', '질병', '직접', '치료', '그것', '몇', '가지', '방법', '우울', '감', '당신', '보호', '줄', '우선', '당신', '무언가', '관심', '두다', '당신', '반드시', '음식', '사다', '요리법', '시도', '균형', '잡히다', '식사', '즉', '트립토판', '마그네슘', '산화', '방지', '제', '비타민', '식단', '사람', '더', '세로토닌', '생', '도', '주기', '때문', '습관', '말', '우울증', '빠지다', '피', '가지', '검증', '되다', '방법', '명상', '연습', '실제', '스트레스', '불안', '일상', '영향', '줄이다', '위', '심리', '전략', '명상', '이점', '연구', '명상', '기법', '다음', '수행', '감정', '더', '자다', '알', '돕다', '생각', '연속', '깨다', '즉각', '경험', '더', '생각', '돕다', '우선', '순위', '정', '더', '나은', '결정', '내리다', '되다', '다른', '선택', '사항', '탐구', '개인', '누구', '인지', '둘러싸다', '창의성', '직관', '깨우다']","['가장' '가지' '감' '감당' '감정' '개인' '거나' '건강' '검증' '결정' '결코' '경로' '경험' '관련' '관심'
 '관심사' '관점' '구체' '균형' '그것' '그물' '극복' '근본' '긍정' '기법' '나은' '날' '네' '뇌' '누구'
 '누군가' '눈' '다른' '다음' '당신' '더' '도' '도움' '동기' '두운' '등록' '때문' '또' '마그네슘' '마음'
 '마치' '말' '맑은' '먹구름' '명상' '몇' '목적' '목표' '무관심' '무언가' '반드시' '방법' '방지' '보호'
 '부정' '분비' '불안' '불행' '비타민' '뿐' '사고' '사람' '사항' '산화' '삶' '삼각형' '상실' '생' '생각'
 '생활' '선택' '설정' '세' '세로토닌' '속' '수업' '수영' '수행' '순위' '순환' '스스로' '스트레스'
 '스트레칭' '슬픔' '습관' '시간' '시기' '시도' '시작' '식단' '식사' '실수' '실제' '심리' '심장' '아침'
 '악순환' '알' '양' '어' '엔돌핀' '여러분' '여행' '연구' '연속' '연습' '열쇠' '영향' '예약' '오후'
 '요리법' '요법' '용기' '우선' '우울' '우울증' '원인' '위' '육체' '음식' '의미' '이점' '이해' '인지'
 '일' '일상' '자기' '자신' '재발' '전략' '점프' '정' '제' '제한' '좌절' '주기' '주어' '줄' '중' '즉'
 '즉각' '직관' '직접' '질병' '집착' '창의성' '채' '책' '추가' '출구' '치료' '친구' '탐구' '트립토판'
 '패턴' '피' '피하' '하나' '하루' '한계' '함정' '향상' '헤메' '혈액' '형성' '호르몬' '혼자' '환자'
 '활동' '흥미']"
5,슬픔,"슬픔에는 정서적 증상과 신체적 증상이 있다는 점을 알고 있는 것이 좋다. 비탄을 겪는 사람들은 극심한 피로, 식욕 감퇴, 성욕 감퇴에 시달린다.시간은 슬픔을 극복하는 데 있어 가장 중요하다. 어떤 사람들은 다른 사람보다 그것을 극복하는 데 더 오랜 시간이 걸리기도 한다. 하지만 기억해야 할 점은 한 사람이 떠났고, 이제는 우리의 삶을 살아야 한다는 생각이 들기까지는 시간이 걸린다는 것이다.죽음 뒤에 찾아오는 고통은 피할 길이 없다. 그리고 우리는 이런 감정들 때문에 신체적으로 아프기도 하다. 하지만 이는 일반적인 슬픔 극복의 과정이며 점점 이겨낼 수 있게 된다. 원인을 다른 데에 돌리거나 감정을 억제하려고 하지 말자사랑하는 사람의 부재로 인한 나의 슬픔을 들어주고 공유해줄 사람이 있을 것이다. 어떤 일이 일어났는지 이야기하고 감정을 나누는 것도 죽음을 받아들이는 한 방법일 수 있다. 그러고 나면 행복했던 기억이 차츰 떠오르기 시작할 것이다. 하지만 슬픔과 좌절로 행복한 감정마저 억누르면 고립될 가능성이 있다. 이런 상태에서는 슬픔이 점점 커지고, 나를 지원해주는 사람들마저 밀어내게 된다.인생은 계속된다는 것을 기억하자. 사랑하는 사람의 죽음은 너무나도 고통스러워서 삶을 계속 살아갈 의지마저 꺾어 놓을 수 있지만, 현실은 내 인생은 계속되고 내가 필요한 사람들도 여전히 있다는 것이다. 내가 항상 최고이길 바랐던 그 사람을 생각해보라. 물론 그 사람은 없지만 난 행복해야 하지 않겠는가? 즐길 수 있는 새로운 활동을 찾거나, 가족 또는 친구들과 시간을 보내고, 떠나간 사람에게 보란 듯이 나의 목표를 달성해 보이자. 이 모든 것들이 우리를 우울함에서 건져내 슬픔을 극복하도록 도와줄 것이다.죽음의 상실로 인한 깊은 고통은 삶에서 중요한 영양 섭취, 운동, 다른 건강한 습관들을 다 잊어버리게 만든다. 건강을 챙기는 생활 습관을 되도록 빨리 복원해 심각한 질환으로부터 우리를 보호하자.","[('슬픔', 'Noun'), ('에는', 'Josa'), ('정서', 'Noun'), ('적', 'Suffix'), ('증상', 'Noun'), ('과', 'Josa'), ('신체', 'Noun'), ('적', 'Suffix'), ('증상', 'Noun'), ('이', 'Josa'), ('있다', 'Adjective'), ('점', 'Noun'), ('을', 'Josa'), ('알', 'Noun'), ('고', 'Josa'), ('있다', 'Adjective'), ('것', 'Noun'), ('이', 'Josa'), ('좋다', 'Adjective'), ('.', 'Punctuation'), ('비탄', 'Noun'), ('을', 'Josa'), ('겪다', 'Verb'), ('사람', 'Noun'), ('들', 'Suffix'), ('은', 'Josa'), ('극심하다', 'Adjective'), ('피로', 'Noun'), (',', 'Punctuation'), ('식욕', 'Noun'), ('감퇴', 'Noun'), (',', 'Punctuation'), ('성욕', 'Noun'), ('감퇴', 'Noun'), ('에', 'Josa'), ('시달리다', 'Verb'), ('.', 'Punctuation'), ('시간', 'Noun'), ('은', 'Josa'), ('슬픔', 'Noun'), ('을', 'Josa'), ('극복', 'Noun'), ('하다', 'Verb'), ('데', 'Noun'), ('있다', 'Adjective'), ('가장', 'Noun'), ('중요하다', 'Adjective'), ('.', 'Punctuation'), ('어떻다', 'Adjective'), ('사람', 'Noun'), ('들', 'Suffix'), ('은', 'Josa'), ('다른', 'Noun'), ('사람', 'Noun'), ('보다', 'Josa'), ('그것', 'Noun'), ('을', 'Josa'), ('극복', 'Noun'), ('하다', 'Verb'), ('데', 'Noun'), ('더', 'Noun'), ('오랜', 'Adverb'), ('시간', 'Noun'), ('이', 'Josa'), ('걸리다', 'Verb'), ('기도', 'Noun'), ('하다', 'Verb'), ('.', 'Punctuation'), ('하지만', 'Conjunction'), ('기억', 'Noun'), ('하다', 'Verb'), ('하다', 'Verb'), ('점', 'Noun'), ('은', 'Josa'), ('하다', 'Verb'), ('사람', 'Noun'), ('이', 'Josa'), ('떠나다', 'Verb'), (',', 'Punctuation'), ('이제', 'Noun'), ('는', 'Josa'), ('우리', 'Noun'), ('의', 'Josa'), ('삶', 'Noun'), ('을', 'Josa'), ('살다', 'Verb'), ('한다는', 'Modifier'), ('생각', 'Noun'), ('이', 'Josa'), ('들다', 'Verb'), ('시간', 'Noun'), ('이', 'Josa'), ('걸리다', 'Verb'), ('것', 'Noun'), ('이다', 'Josa'), ('.', 'Punctuation'), ('죽음', 'Noun'), ('뒤', 'Noun'), ('에', 'Josa'), ('찾아오다', 'Verb'), ('고통', 'Noun'), ('은', 'Josa'), ('피', 'Noun'), ('하다', 'Verb'), ('길이', 'Noun'), ('없다', 'Adjective'), ('.', 'Punctuation'), ('그리고', 'Conjunction'), ('우리', 'Noun'), ('는', 'Josa'), ('이렇다', 'Adjective'), ('감정', 'Noun'), ('들', 'Suffix'), ('때문', 'Noun'), ('에', 'Josa'), ('신체', 'Noun'), ('적', 'Suffix'), ('으로', 'Josa'), ('아프다', 'Adjective'), ('기도', 'Noun'), ('하다', 'Verb'), ('.', 'Punctuation'), ('하지만', 'Conjunction'), ('이다', 'Verb'), ('일반', 'Noun'), ('적', 'Suffix'), ('인', 'Josa'), ('슬픔', 'Noun'), ('극복', 'Noun'), ('의', 'Josa'), ('과정', 'Noun'), ('이며', 'Josa'), ('점점', 'Noun'), ('이기다', 'Verb'), ('낼', 'Noun'), ('수', 'Noun'), ('있다', 'Adjective'), ('되다', 'Verb'), ('.', 'Punctuation'), ('원인', 'Noun'), ('을', 'Josa'), ('다른', 'Noun'), ('데', 'Noun'), ('에', 'Josa'), ('돌리다', 'Verb'), ('감정', 'Noun'), ('을', 'Josa'), ('억제', 'Noun'), ('하다', 'Verb'), ('하다', 'Verb'), ('말', 'Noun'), ('자', 'Suffix'), ('사랑', 'Noun'), ('하', 'Suffix'), ('는', 'Josa'), ('사람', 'Noun'), ('의', 'Josa'), ('부재', 'Noun'), ('로', 'Josa'), ('인하다', 'Adjective'), ('나', 'Noun'), ('의', 'Josa'), ('슬픔', 'Noun'), ('을', 'Josa'), ('들어주다', 'Verb'), ('공유', 'Noun'), ('해주다', 'Verb'), ('사람', 'Noun'), ('이', 'Josa'), ('있다', 'Adjective'), ('것', 'Noun'), ('이다', 'Josa'), ('.', 'Punctuation'), ('어떻다', 'Adjective'), ('일이', 'Modifier'), ('일어나다', 'Verb'), ('이야기', 'Noun'), ('하고', 'Josa'), ('감정', 'Noun'), ('을', 'Josa'), ('나누다', 'Verb'), ('것', 'Noun'), ('도', 'Josa'), ('죽음', 'Noun'), ('을', 'Josa'), ('받아들이다', 'Verb'), ('하다', 'Verb'), ('방법', 'Noun'), ('일', 'Noun'), ('수', 'Noun'), ('있다', 'Adjective'), ('.', 'Punctuation'), ('그렇다', 'Adjective'), ('나다', 'Verb'), ('행복하다', 'Adjective'), ('기억', 'Noun'), ('이', 'Josa'), ('차츰', 'Adverb'), ('떠오르다', 'Verb'), ('시작', 'Noun'), ('하다', 'Verb'), ('것', 'Noun'), ('이다', 'Josa'), ('.', 'Punctuation'), ('하지만', 'Conjunction'), ('슬픔', 'Noun'), ('과', 'Josa'), ('좌절', 'Noun'), ('로', 'Josa'), ('행복하다', 'Adjective'), ('감정', 'Noun'), ('마저', 'Josa'), ('억', 'Noun'), ('누르다', 'Verb'), ('고립', 'Noun'), ('되다', 'Verb'), ('가능성', 'Noun'), ('이', 'Josa'), ('있다', 'Adjective'), ('.', 'Punctuation'), ('이렇다', 'Adjective'), ('상태', 'Noun'), ('에서는', 'Josa'), ('슬픔', 'Noun'), ('이', 'Josa'), ('점점', 'Noun'), ('커지다', 'Verb'), (',', 'Punctuation'), ('나르다', 'Verb'), ('지원', 'Noun'), ('해주다', 'Verb'), ('사람', 'Noun'), ('들', 'Suffix'), ('마저', 'Josa'), ('밀다', 'Verb'), ('되다', 'Verb'), ('.', 'Punctuation'), ('인생', 'Noun'), ('은', 'Josa'), ('계속', 'Noun'), ('되다', 'Verb'), ('것', 'Noun'), ('을', 'Josa'), ('기억', 'Noun'), ('하다', 'Verb'), ('.', 'Punctuation'), ('사랑', 'Noun'), ('하다', 'Verb'), ('사람', 'Noun'), ('의', 'Josa'), ('죽음', 'Noun'), ('은', 'Josa'), ('너무나도', 'Adverb'), ('고통스럽다', 'Adjective'), ('삶', 'Noun'), ('을', 'Josa'), ('계속', 'Noun'), ('살아가다', 'Verb'), ('의지', 'Noun'), ('마저', 'Josa'), ('꺾다', 'Verb'), ('놓다', 'Verb'), ('수', 'Noun'), ('있다', 'Adjective'), (',', 'Punctuation'), ('현실', 'Noun'), ('은', 'Josa'), ('내', 'Noun'), ('인생', 'Noun'), ('은', 'Josa'), ('계속', 'Noun'), ('되다', 'Verb'), ('내', 'Noun'), ('가', 'Josa'), ('필요하다', 'Adjective'), ('사람', 'Noun'), ('들', 'Suffix'), ('도', 'Josa'), ('여전하다', 'Adjective'), ('있다', 'Adjective'), ('것', 'Noun'), ('이다', 'Josa'), ('.', 'Punctuation'), ('내', 'Noun'), ('가', 'Josa'), ('항상', 'Noun'), ('최고', 'Noun'), ('이기다', 'Verb'), ('바르다', 'Verb'), ('그', 'Noun'), ('사람', 'Noun'), ('을', 'Josa'), ('생각', 'Noun'), ('해보다', 'Verb'), ('.', 'Punctuation'), ('물론', 'Adverb'), ('그', 'Noun'), ('사람', 'Noun'), ('은', 'Josa'), ('없다', 'Adjective'), ('난', 'Noun'), ('행복하다', 'Adjective'), ('하다', 'Verb'), ('않다', 'Verb'), ('?', 'Punctuation'), ('즐기다', 'Verb'), ('수', 'Noun'), ('있다', 'Adjective'), ('새롭다', 'Adjective'), ('활동', 'Noun'), ('을', 'Josa'), ('찾다', 'Verb'), (',', 'Punctuation'), ('가족', 'Noun'), ('또는', 'Adverb'), ('친구', 'Noun'), ('들', 'Suffix'), ('과', 'Josa'), ('시간', 'Noun'), ('을', 'Josa'), ('보내다', 'Verb'), (',', 'Punctuation'), ('떠나가다', 'Verb'), ('사람', 'Noun'), ('에게', 'Josa'), ('보다', 'Verb'), ('듯이', 'Noun'), ('나', 'Noun'), ('의', 'Josa'), ('목표', 'Noun'), ('를', 'Josa'), ('달성', 'Noun'), ('하다', 'Verb'), ('보이', 'Noun'), ('자', 'Suffix'), ('.', 'Punctuation'), ('이', 'Noun'), ('모든', 'Noun'), ('것', 'Noun'), ('들', 'Suffix'), ('이', 'Josa'), ('우리', 'Noun'), ('를', 'Josa'), ('우울함', 'Noun'), ('에서', 'Josa'), ('건지다', 'Verb'), ('슬픔', 'Noun'), ('을', 'Josa'), ('극복', 'Noun'), ('하다', 'Verb'), ('도와주다', 'Verb'), ('것', 'Noun'), ('이다', 'Josa'), ('.', 'Punctuation'), ('죽음', 'Noun'), ('의', 'Josa'), ('상실', 'Noun'), ('로', 'Josa'), ('인하다', 'Adjective'), ('깊다', 'Adjective'), ('고통', 'Noun'), ('은', 'Josa'), ('삶', 'Noun'), ('에서', 'Josa'), ('중요하다', 'Adjective'), ('영양', 'Noun'), ('섭취', 'Noun'), (',', 'Punctuation'), ('운동', 'Noun'), (',', 'Punctuation'), ('다른', 'Noun'), ('건강하다', 'Adjective'), ('습관', 'Noun'), ('들', 'Suffix'), ('을', 'Josa'), ('다', 'Adverb'), ('잊어버리다', 'Verb'), ('만들다', 'Verb'), ('.', 'Punctuation'), ('건강', 'Noun'), ('을', 'Josa'), ('챙기다', 'Verb'), ('생활', 'Noun'), ('습관', 'Noun'), ('을', 'Josa'), ('되다', 'Verb'), ('빨리', 'Adverb'), ('복원', 'Noun'), ('하다', 'Verb'), ('심각하다', 'Adjective'), ('질환', 'Noun'), ('으로부터', 'Josa'), ('우리', 'Noun'), ('를', 'Josa'), ('보호', 'Noun'), ('하다', 'Verb'), ('.', 'Punctuation')]","['슬픔', '정서', '증상', '신체', '증상', '점', '알', '비탄', '겪다', '사람', '피로', '식욕', '감퇴', '성욕', '감퇴', '시달리다', '시간', '슬픔', '극복', '데', '가장', '사람', '다른', '사람', '그것', '극복', '데', '더', '시간', '걸리다', '기도', '기억', '점', '사람', '떠나다', '이제', '우리', '삶', '살다', '생각', '들다', '시간', '걸리다', '죽음', '뒤', '찾아오다', '고통', '피', '길이', '우리', '감정', '때문', '신체', '기도', '일반', '슬픔', '극복', '과정', '점점', '이기다', '낼', '되다', '원인', '다른', '데', '돌리다', '감정', '억제', '말', '사랑', '사람', '부재', '나', '슬픔', '들어주다', '공유', '해주다', '사람', '일어나다', '이야기', '감정', '나누다', '죽음', '받아들이다', '방법', '일', '나다', '기억', '떠오르다', '시작', '슬픔', '좌절', '감정', '억', '누르다', '고립', '되다', '가능성', '상태', '슬픔', '점점', '커지다', '나르다', '지원', '해주다', '사람', '밀다', '되다', '인생', '계속', '되다', '기억', '사랑', '사람', '죽음', '삶', '계속', '살아가다', '의지', '꺾다', '놓다', '현실', '인생', '계속', '되다', '사람', '항상', '최고', '이기다', '바르다', '사람', '생각', '해보다', '사람', '않다', '즐기다', '활동', '찾다', '가족', '친구', '시간', '보내다', '떠나가다', '사람', '보다', '듯이', '나', '목표', '달성', '우리', '우울함', '건지다', '슬픔', '극복', '도와주다', '죽음', '상실', '고통', '삶', '영양', '섭취', '운동', '다른', '습관', '잊어버리다', '만들다', '건강', '챙기다', '생활', '습관', '되다', '복원', '질환', '우리', '보호']","['가능성' '가장' '가족' '감정' '감퇴' '건강' '계속' '고립' '고통' '공유' '과정' '그것' '극복' '기도'
 '기억' '길이' '나' '낼' '다른' '달성' '더' '데' '뒤' '듯이' '때문' '말' '목표' '방법' '보호' '복원'
 '부재' '비탄' '사람' '사랑' '삶' '상실' '상태' '생각' '생활' '섭취' '성욕' '슬픔' '습관' '시간' '시작'
 '식욕' '신체' '알' '억' '억제' '영양' '우리' '우울함' '운동' '원인' '의지' '이야기' '이제' '인생' '일'
 '일반' '점' '점점' '정서' '좌절' '죽음' '증상' '지원' '질환' '최고' '친구' '피' '피로' '항상' '현실'
 '활동']"
